Workbook

Sheet Executive Summary
A1: BEST BUY MARKETPLACE PRODUCT DATA QUALITY REPORT
A2: Executive Summary | Reporting Period: Q2 FY2026 | Prepared: June 01, 2026 | Analyst: Akash Singh, M.S. Business Analytics
A4: BUSINESS CONTEXT
A5: Best Buy launched its U.S. digital Marketplace in mid-FY2026, dramatically expanding product count through third-party sellers (Best Buy Q4 FY2026 Earnings Call, Mar 2026). This expansion introduced significant data quality risk: inconsistent seller attributes, GTIN validation failures, and stale listings threaten search discoverability, AI-recommendation accuracy, and regulatory compliance. This audit covers 1,040 marketplace product records across 8 active sellers and 5 product categories.
A7: KEY FINDINGS
A8: 1,040 | B8: Total product records audited across all marketplace sellers
A9: 829 (79.7%) | B9: Records fully compliant with Best Buy PDM requirements
A10: 211 (20.3%) | B10: Records with at least one data quality violation
A11: 42 | B11: Critical violations (missing required fields auto-suppressed by BB algorithm)
A12: 40 | B12: Duplicate SKUs detected billing and commission risk per Marketplace Program Policy
A13: 19 | B13: GTIN/UPC mismatches inventory recognition failures at RDC
A15: RECOMMENDATIONS
A16: IMMEDIATE (0-30 days) | B16: Suppress 42 critical listings with missing required fields. Notify affected sellers with remediation SLA of 7 business days.
A17: SHORT-TERM (30-90 days) | B17: Implement automated GTIN validation at listing ingestion. Deploy LAMBDA-based audit rules as live data validation layer in PDM portal.
A18: MEDIUM-TERM (90-180 days) | B18: Establish Seller Data Quality Score (CALC_DQ_SCORE 85%) as prerequisite for Marketplace promotional eligibility. Monthly scorecard review.
A19: GOVERNANCE | B19: Align audit rules with Best Buy Marketplace Standard Terms (Apr 2025, 3 Required Product Information). Reference GS1 GTIN standard for UPC validation.

Sheet Raw Catalog
A1: Row_ID | B1: SKU | C1: Seller_ID | D1: Seller_Name | E1: Category | F1: Brand | G1: Model_Name | H1: Model_Number | I1: UPC | J1: GTIN | K1: Title | L1: Description | M1: Price_USD | N1: Weight_lbs | O1: Stock_Quantity | P1: Primary_Image_URL | Q1: Specifications | R1: Listing_Date | S1: Last_Updated | T1: Is_Active | U1: Data_Quality_Issue
A2: 1 | B2: BB-MKT-00357 | C2: S008 | D2: DigitalHub USA | E2: Tablets | F2: Apple | G2: Galaxy Tab S9 | H2: AP-3591-BL | I2: 823004112457 | J2: 0823004112457 | K2: Apple Galaxy Tab S9 12.9" 128GB Tablet | L2: Stay productive and entertained with the Apple Galaxy Tab S9. Powerful performance in a sleek design. | M2: 1222.55 | N2: 0.84 | O2: 281 | P2: https://images.bestbuy.com/marketplace/apple-galaxy-tab-s9-main.jpg | Q2: Storage_GB: 128 | Screen_Size: 12.9" | Cellular: No | RAM_GB: 16 | R2: 2024-12-14 | S2: 2024-12-14 | T2: Yes
A3: 2 | B3: BB-MKT-00833 | C3: S006 | D3: NextGen Devices | E3: Smart Home | F3: Wyze | G3: Learning Thermostat | H3: WY-9007-BL | I3: 929827299135 | J3: 0929827299135 | K3: Wyze Learning Thermostat Smart Home Device | L3: Transform your home with the Wyze Learning Thermostat. Easy setup and seamless smart home integration. | M3: 176.12 | N3: 1.01 | O3: 164 | P3: https://images.bestbuy.com/marketplace/wyze-learning-thermostat-main.jpg | Q3: Connectivity: Wi-Fi | Voice_Assistant: Apple HomeKit | Power: USB-C | R3: 2025-02-22 | S3: 2025-02-22 | T3: Yes
A4: 3 | B4: BB-MKT-00543 | C4: S007 | D4: SmartBuy Co | E4: Laptops | G4: Katana 15 | H4: AS-9516-SL | I4: 979237227132 | J4: 0979237227132 | K4: ASUS Katana 15 14" Laptop - 8GB RAM 1024GB SSD | L4: Experience premium performance with the ASUS Katana 15. Designed for professionals and students alike. | M4: 1279.54 | N4: 2.62 | O4: 358 | P4: https://images.bestbuy.com/marketplace/asus-katana-15-main.jpg | Q4: RAM_GB: 8 | Storage_GB: 1024 | Screen_Size: 14" | Processor: Apple M2 | R4: 2025-04-10 | S4: 2025-04-10 | T4: Yes | U4: MISSING_BRAND
A5: 4 | B5: BB-MKT-00087 | C5: S006 | D5: NextGen Devices | E5: TVs | F5: Hisense | G5: QLED 4K | H5: HI-6793-BL | I5: 551496545441 | J5: 0551496545441 | K5: Hisense 75" 1080p Full HD Smart TV QLED 4K | L5: Immerse yourself in stunning visuals with the Hisense QLED 4K. Features cutting-edge display technology. | M5: 3504.35 | N5: 39.73 | O5: 495 | P5: https://images.bestbuy.com/marketplace/hisense-qled-4k-main.jpg | Q5: Screen_Size: 75" | Resolution: 1080p Full HD | Smart_TV: No | HDR: HDR10+ | R5: 2024-11-25 | S5: 2024-11-25 | T5: Yes
A6: 5 | B6: BB-MKT-00309 | C6: S007 | D6: SmartBuy Co | E6: Smart Home | F6: Wyze | G6: Ultra 2 | H6: WY-8723-BL | I6: 590556533399 | J6: 0590556533399 | K6: Wyze Ultra 2 Smart Home Device | L6: Transform your home with the Wyze Ultra 2. Easy setup and seamless smart home integration. | M6: 109.17 | N6: 1.26 | O6: 307 | P6: https://images.bestbuy.com/marketplace/wyze-ultra-2-main.jpg | Q6: Connectivity: Wi-Fi | Voice_Assistant: Apple HomeKit | Power: Battery | R6: 2024-09-12 | S6: 2024-09-12 | T6: Yes
A7: 6 | B7: BB-MKT-00030 | C7: S002 | D7: EliteGadgets Inc | E7: Tablets | F7: Amazon | G7: Galaxy Tab S9 | H7: AM-4228-SL | I7: 691874457344 | J7: 0691874457344 | K7: Amazon Galaxy Tab S9 8" 256GB Tablet | L7: Stay productive and entertained with the Amazon Galaxy Tab S9. Powerful performance in a sleek design. | M7: 644.99 | N7: 0.87 | O7: 471 | P7: https://images.bestbuy.com/marketplace/amazon-galaxy-tab-s9-main.jpg | Q7: Storage_GB: 256 | Screen_Size: 8" | Cellular: No | RAM_GB: 4 | R7: 2024-12-17 | S7: 2024-12-17 | T7: Yes
A8: 7 | B8: BB-MKT-00798 | C8: S001 | D8: TechDirect LLC | E8: Laptops | F8: Lenovo | G8: Aspire 5 | H8: LE-8207-BK | I8: 119167254787 | J8: 0119167254787 | K8: Lenovo Aspire 5 14" Laptop - 32GB RAM 512GB SSD | L8: Experience premium performance with the Lenovo Aspire 5. Designed for professionals and students alike. | M8: 1378.52 | N8: 2.75 | O8: 245 | P8: https://images.bestbuy.com/marketplace/lenovo-aspire-5-main.jpg | Q8: RAM_GB: 32 | Storage_GB: 512 | Screen_Size: 14" | Processor: AMD Ryzen 7 | R8: 2025-04-11 | S8: 2025-04-11 | T8: Yes
A9: 8 | B9: BB-MKT-00019 | C9: S002 | D9: EliteGadgets Inc | E9: TVs | F9: Samsung | G9: U8K | H9: SA-5033-BK | I9: 726594012825 | J9: 0726594012825 | K9: Samsung 43" 1080p Full HD Smart TV U8K | L9: Immerse yourself in stunning visuals with the Samsung U8K. Features cutting-edge display technology. | M9: 2571.68 | N9: 26.45 | O9: 298 | P9: https://images.bestbuy.com/marketplace/samsung-u8k-main.jpg | Q9: Screen_Size: 43" | Resolution: 1080p Full HD | Smart_TV: Yes | HDR: Dolby Vision | R9: 2025-04-16 | S9: 2025-04-16 | T9: Yes
A10: 9 | B10: BB-MKT-00326 | C10: S001 | D10: TechDirect LLC | E10: Smart Home | F10: Amazon | G10: Hue Starter Kit | H10: AM-5501-BL | I10: 642520584597 | J10: 0642520584597 | K10: Amazon Hue Starter Kit Smart Home Device | L10: Transform your home with the Amazon Hue Starter Kit. Easy setup and seamless smart home integration. | M10: 114.95 | N10: 1.17 | O10: 261 | P10: https://images.bestbuy.com/marketplace/amazon-hue-starter-kit-main.jpg | Q10: Connectivity: Bluetooth | Voice_Assistant: Apple HomeKit | Power: USB-C | R10: 2024-11-21 | S10: 2024-11-21 | T10: Yes
A11: 10 | B11: BB-MKT-00903 | C11: S003 | D11: PrimeElectronics | E11: Headphones | F11: Bose | G11: QuietComfort 45 | H11: BO-6335-BL | I11: 274644497411 | J11: 0274644497411 | K11: Bose QuietComfort 45 On-ear Wireless Headphones | L11: Enjoy crystal-clear audio with the Bose QuietComfort 45. Perfect for music lovers and remote workers. | M11: 368.82 | N11: 0.4 | O11: 399 | P11: https://images.bestbuy.com/marketplace/bose-quietcomfort-45-main.jpg | Q11: Type: On-ear | Connectivity: Wireless | ANC: Yes | Battery_Hours: 40 | R11: 2024-11-15 | S11: 2024-11-15 | T11: Yes
A12: 11 | B12: BB-MKT-00900 | C12: S005 | D12: ConnectPro Sales | E12: Headphones | F12: Apple | G12: Studio Pro | H12: AP-9242-SL | I12: 717091634913 | J12: 0717091634913 | K12: Apple Studio Pro In-ear Wireless Headphones | L12: Enjoy crystal-clear audio with the Apple Studio Pro. Perfect for music lovers and remote workers. | M12: 354.48 | N12: 0.23 | O12: 387 | P12: https://images.bestbuy.com/marketplace/apple-studio-pro-main.jpg | Q12: Type: In-ear | Connectivity: Wireless | ANC: No | Battery_Hours: 30 | R12: 2024-10-02 | S12: 2024-10-02 | T12: Yes
A13: 12 | B13: BB-MKT-00826 | C13: S005 | D13: ConnectPro Sales | E13: TVs | F13: Sony | G13: Bravia XR | H13: SO-9627-BK | I13: 929014709335 | J13: 0929014709335 | K13: Sony 65" 4K UHD Smart TV Bravia XR | L13: Immerse yourself in stunning visuals with the Sony Bravia XR. Features cutting-edge display technology. | M13: 2129.62 | N13: 42.82 | O13: 21 | P13: https://images.bestbuy.com/marketplace/sony-bravia-xr-main.jpg | Q13: Screen_Size: 65" | Resolution: 4K UHD | Smart_TV: Yes | HDR: HDR10 | R13: 2024-09-19 | S13: 2024-09-19 | T13: Yes
A14: 13 | B14: BB-MKT-00633 | C14: S006 | D14: NextGen Devices | E14: Laptops | F14: Dell | G14: VivoBook 16 | H14: DE-9693-SL | I14: 235729166419 | J14: 0235729166419 | K14: Dell VivoBook 16 14" Laptop - 64GB RAM 1024GB SSD | L14: Experience premium performance with the Dell VivoBook 16. Designed for professionals and students alike. | M14: 2396.23 | N14: 2.4 | O14: 127 | P14: https://images.bestbuy.com/marketplace/dell-vivobook-16-main.jpg | Q14: RAM_GB: 64 | Storage_GB: 1024 | Screen_Size: 14" | Processor: Intel i5 | R14: 2025-01-05 | S14: 2025-01-05 | T14: Yes
A15: 14 | B15: BB-MKT-00757 | C15: S008 | D15: DigitalHub USA | E15: Headphones | F15: Apple | G15: Tour One | H15: AP-8935-BK | I15: 670764098449 | J15: 0670764098449 | K15: Apple Tour One Over-ear Wired Headphones | L15: Enjoy crystal-clear audio with the Apple Tour One. Perfect for music lovers and remote workers. | M15: 169.37 | N15: 0.33 | O15: 327 | P15: https://images.bestbuy.com/marketplace/apple-tour-one-main.jpg | Q15: Type: Over-ear | Connectivity: Wired | ANC: No | Battery_Hours: 30 | R15: 2024-07-11 | S15: 2024-07-11 | T15: Yes
A16: 15 | B16: BB-MKT-00086 | C16: S008 | D16: DigitalHub USA | E16: Tablets | F16: Lenovo | G16: iPad Pro 12.9 | H16: LE-8770-BK | I16: 852274855980 | J16: 0852274855980 | K16: Lenovo iPad Pro 12.9 12.4" 256GB Tablet | L16: Stay productive and entertained with the Lenovo iPad Pro 12.9. Powerful performance in a sleek design. | M16: 253.91 | N16: 0.35 | O16: 221 | P16: https://images.bestbuy.com/marketplace/lenovo-ipad-pro-12.9-main.jpg | Q16: Storage_GB: 256 | Screen_Size: 12.4" | Cellular: No | RAM_GB: 8 | R16: 2024-08-19 | S16: 2024-08-19 | T16: Yes
A17: 16 | B17: BB-MKT-00189 | C17: S003 | D17: PrimeElectronics | E17: Smart Home | F17: Nest | G17: Learning Thermostat | H17: NE-9804-WH | I17: 633373750765 | J17: 0633373750765 | K17: Nest Learning Thermostat Smart Home Device | L17: Transform your home with the Nest Learning Thermostat. Easy setup and seamless smart home integration. | M17: 289.81 | N17: 0.79 | O17: 71 | P17: https://images.bestbuy.com/marketplace/nest-learning-thermostat-main.jpg | Q17: Connectivity: Zigbee | Voice_Assistant: None | Power: Wired | R17: 2024-10-04 | S17: 2024-10-04 | T17: Yes
A18: 17 | B18: BB-MKT-00407 | C18: S003 | D18: PrimeElectronics | E18: Tablets | F18: Lenovo | G18: iPad Pro 12.9 | H18: LE-6606-WH | I18: 965724580023 | J18: 0466172926771 | K18: Lenovo iPad Pro 12.9 10.1" 256GB Tablet | L18: Stay productive and entertained with the Lenovo iPad Pro 12.9. Powerful performance in a sleek design. | M18: 348.05 | N18: 0.7 | O18: 378 | P18: https://images.bestbuy.com/marketplace/lenovo-ipad-pro-12.9-main.jpg | Q18: Storage_GB: 256 | Screen_Size: 10.1" | Cellular: No | RAM_GB: 12 | R18: 2025-04-20 | S18: 2025-04-20 | T18: Yes | U18: GTIN_UPC_MISMATCH
A19: 18 | B19: BB-MKT-00004 | C19: S002 | D19: EliteGadgets Inc | E19: Smart Home | F19: Ring | G19: Hue Starter Kit | H19: RI-4733-SL | I19: 147543377362 | J19: 0147543377362 | K19: Ring Hue Starter Kit Smart Home Device | L19: Transform your home with the Ring Hue Starter Kit. Easy setup and seamless smart home integration. | M19: 492.05 | N19: 1.3 | O19: 443 | P19: https://images.bestbuy.com/marketplace/ring-hue-starter-kit-main.jpg | Q19: Connectivity: Z-Wave | Voice_Assistant: Google Assistant | Power: USB-C | R19: 2024-08-21 | S19: 2024-08-21 | T19: Yes
A20: 19 | B20: BB-MKT-00729 | C20: S004 | D20: ValueTech Store | E20: Headphones | F20: Bose | G20: Momentum 4 | H20: BO-5505-BK | I20: 158666065098 | J20: 0158666065098 | K20: Bose Momentum 4 Over-ear Both Headphones | L20: Enjoy crystal-clear audio with the Bose Momentum 4. Perfect for music lovers and remote workers. | M20: 515.19 | N20: 0.36 | O20: 326 | P20: https://images.bestbuy.com/marketplace/bose-momentum-4-main.jpg | Q20: Type: Over-ear | Connectivity: Both | ANC: No | Battery_Hours: 30 | R20: 2025-04-23 | S20: 2025-04-23 | T20: Yes
A21: 20 | B21: BB-MKT-00319 | C21: S008 | D21: DigitalHub USA | E21: Tablets | F21: Apple | G21: Galaxy Tab S9 | H21: AP-4795-WH | J21: 0669128469380 | K21: Apple Galaxy Tab S9 10.1" 256GB Tablet | L21: Stay productive and entertained with the Apple Galaxy Tab S9. Powerful performance in a sleek design. | M21: 924.13 | N21: 0.52 | O21: 335 | P21: https://images.bestbuy.com/marketplace/apple-galaxy-tab-s9-main.jpg | Q21: Storage_GB: 256 | Screen_Size: 10.1" | Cellular: Yes | RAM_GB: 16 | R21: 2024-07-01 | S21: 2024-07-01 | T21: Yes | U21: MISSING_UPC
A22: 21 | B22: BB-MKT-00247 | C22: S002 | D22: EliteGadgets Inc | E22: Smart Home | F22: Nest | G22: Nest Hub Max | H22: NE-1541-BL | I22: 370830447947 | J22: 0370830447947 | K22: Nest Nest Hub Max Smart Home Device | L22: Transform your home with the Nest Nest Hub Max. Easy setup and seamless smart home integration. | M22: 48.28 | N22: 0.6 | O22: 101 | P22: https://images.bestbuy.com/marketplace/nest-nest-hub-max-main.jpg | Q22: Connectivity: Wi-Fi | Voice_Assistant: Google Assistant | Power: Battery | R22: 2024-11-18 | S22: 2024-11-18 | T22: Yes | U22: DUPLICATE_SKU
A23: 22 | B23: BB-MKT-00230 | C23: S002 | D23: EliteGadgets Inc | E23: Headphones | F23: Apple | G23: AirPods Max | H23: AP-3854-SL | I23: 450680559005 | J23: 0450680559005 | K23: Apple AirPods Max Over-ear Wireless Headphones | L23: Enjoy crystal-clear audio with the Apple AirPods Max. Perfect for music lovers and remote workers. | M23: 145.08 | N23: 0.35 | O23: 89 | P23: https://images.bestbuy.com/marketplace/apple-airpods-max-main.jpg | Q23: Type: Over-ear | Connectivity: Wireless | ANC: No | Battery_Hours: 36 | R23: 2025-01-10 | S23: 2025-01-10 | T23: Yes
A24: 23 | B24: BB-MKT-00185 | C24: S001 | D24: TechDirect LLC | E24: Headphones | F24: Jabra | G24: WH-1000XM5 | H24: JA-3623-SL | I24: 706339659651 | J24: 0706339659651 | K24: Jabra WH-1000XM5 In-ear Wireless Headphones | L24: Enjoy crystal-clear audio with the Jabra WH-1000XM5. Perfect for music lovers and remote workers. | M24: 320.12 | N24: 0.44 | O24: 118 | P24: https://images.bestbuy.com/marketplace/jabra-wh-1000xm5-main.jpg | Q24: Type: In-ear | Connectivity: Wireless | ANC: Yes | Battery_Hours: 40 | R24: 2025-01-24 | S24: 2025-01-24 | T24: Yes
A25: 24 | B25: BB-MKT-00359 | C25: S001 | D25: TechDirect LLC | E25: Headphones | F25: Sennheiser | G25: WH-1000XM5 | H25: SE-6159-BK | I25: 332881230114 | J25: 0332881230114 | K25: Sennheiser WH-1000XM5 In-ear Wireless Headphones | L25: Enjoy crystal-clear audio with the Sennheiser WH-1000XM5. Perfect for music lovers and remote workers. | M25: 430.19 | N25: 0.44 | O25: 421 | P25: https://images.bestbuy.com/marketplace/sennheiser-wh-1000xm5-main.jpg | Q25: Type: In-ear | Connectivity: Wireless | ANC: No | Battery_Hours: 20 | R25: 2024-11-19 | S25: 2024-11-19 | T25: Yes
A26: 25 | B26: BB-MKT-00513 | C26: S001 | D26: TechDirect LLC | E26: Headphones | F26: Sennheiser | G26: Momentum 4 | H26: SE-1673-WH | I26: 718012404580 | J26: 0718012404580 | K26: Sennheiser Momentum 4 On-ear Wired Headphones | L26: Enjoy crystal-clear audio with the Sennheiser Momentum 4. Perfect for music lovers and remote workers. | M26: 164.35 | N26: 0.33 | O26: 0 | P26: https://images.bestbuy.com/marketplace/sennheiser-momentum-4-main.jpg | Q26: Type: On-ear | Connectivity: Wired | ANC: No | Battery_Hours: 30 | R26: 2024-12-21 | S26: 2023-11-30 | T26: Yes | U26: STALE_LISTING
A27: 26 | B27: BB-MKT-00453 | C27: S004 | D27: ValueTech Store | E27: TVs | F27: Sony | G27: Bravia XR | H27: SO-7108-SL | I27: 168953380650 | J27: 0168953380650 | K27: Sony 55" 1080p Full HD Smart TV Bravia XR | L27: Immerse yourself in stunning visuals with the Sony Bravia XR. Features cutting-edge display technology. | M27: 1945.54 | N27: 30.06 | O27: 424 | P27: https://images.bestbuy.com/marketplace/sony-bravia-xr-main.jpg | Q27: Screen_Size: 55" | Resolution: 1080p Full HD | Smart_TV: No | HDR: Dolby Vision | R27: 2024-09-01 | S27: 2024-09-01 | T27: Yes
A28: 27 | B28: BB-MKT-00845 | C28: S007 | D28: SmartBuy Co | E28: Headphones | F28: Bose | G28: Evolve2 85 | H28: BO-1091-SL | I28: 312712561451 | J28: 0312712561451 | K28: Bose Evolve2 85 Over-ear Wireless Headphones | L28: Enjoy crystal-clear audio with the Bose Evolve2 85. Perfect for music lovers and remote workers. | M28: 3839.84 | N28: 0.43 | O28: 468 | P28: https://images.bestbuy.com/marketplace/bose-evolve2-85-main.jpg | Q28: Type: Over-ear | Connectivity: Wireless | ANC: No | Battery_Hours: 30 | R28: 2024-11-07 | S28: 2024-11-07 | T28: Yes | U28: PRICE_ANOMALY
A29: 28 | B29: BB-MKT-00932 | C29: S003 | D29: PrimeElectronics | E29: Headphones | F29: Apple | G29: Tour One | H29: AP-9370-WH | I29: 534576011084 | J29: 0534576011084 | K29: Apple Tour One On-ear Both Headphones | L29: Enjoy crystal-clear audio with the Apple Tour One. Perfect for music lovers and remote workers. | M29: 102.69 | N29: 0.37 | O29: 397 | P29: https://images.bestbuy.com/marketplace/apple-tour-one-main.jpg | Q29: Type: On-ear | Connectivity: Both | ANC: Yes | Battery_Hours: 40 | R29: 2024-07-09 | S29: 2024-07-09 | T29: Yes
A30: 29 | B30: BB-MKT-00799 | C30: S004 | D30: ValueTech Store | E30: Tablets | F30: Apple | G30: Fire HD 10 | H30: AP-5227-SL | I30: 299460168950 | J30: 0299460168950 | K30: Apple Fire HD 10 11" 64GB Tablet | L30: Stay productive and entertained with the Apple Fire HD 10. Powerful performance in a sleek design. | M30: 447.47 | N30: 0.6 | O30: 116 | P30: https://images.bestbuy.com/marketplace/apple-fire-hd-10-main.jpg | Q30: Storage_GB: 64 | Screen_Size: 11" | Cellular: No | RAM_GB: 4 | R30: 2024-09-28 | S30: 2024-09-28 | T30: Yes
A31: 30 | B31: BB-MKT-00448 | C31: S001 | D31: TechDirect LLC | E31: Tablets | F31: Amazon | G31: iPad Pro 12.9 | H31: AM-2605-BL | I31: 979651034336 | J31: 0979651034336 | K31: Amazon iPad Pro 12.9 12.9" 512GB Tablet | L31: Stay productive and entertained with the Amazon iPad Pro 12.9. Powerful performance in a sleek design. | M31: 718.58 | N31: 0.35 | O31: 385 | P31: https://images.bestbuy.com/marketplace/amazon-ipad-pro-12.9-main.jpg | Q31: Storage_GB: 512 | Screen_Size: 12.9" | Cellular: No | RAM_GB: 12 | R31: 2024-07-07 | S31: 2024-07-07 | T31: Yes
A32: 31 | B32: BB-MKT-00721 | C32: S007 | D32: SmartBuy Co | E32: Smart Home | F32: Philips | G32: Video Doorbell Pro 2 | H32: PH-3898-WH | I32: 509861786750 | J32: 0509861786750 | K32: Philips Video Doorbell Pro 2 Smart Home Device | L32: Transform your home with the Philips Video Doorbell Pro 2. Easy setup and seamless smart home integration. | M32: 284.1 | N32: 0.63 | O32: 432 | P32: https://images.bestbuy.com/marketplace/philips-video-doorbell-pro-2-main.jpg | Q32: Connectivity: Wi-Fi | Voice_Assistant: Google Assistant | Power: Wired | R32: 2025-02-09 | S32: 2025-02-09 | T32: Yes
A33: 32 | B33: BB-MKT-00306 | C33: S005 | D33: ConnectPro Sales | E33: Tablets | F33: Samsung | G33: Fire HD 10 | H33: SA-1108-WH | I33: 631685415257 | J33: 0631685415257 | K33: Samsung Fire HD 10 11" 512GB Tablet | L33: Stay productive and entertained with the Samsung Fire HD 10. Powerful performance in a sleek design. | M33: 654.88 | N33: 0.44 | O33: 263 | P33: https://images.bestbuy.com/marketplace/samsung-fire-hd-10-main.jpg | Q33: Storage_GB: 512 | Screen_Size: 11" | Cellular: No | RAM_GB: 12 | R33: 2024-11-21 | S33: 2024-11-21 | T33: Yes
A34: 33 | B34: BB-MKT-00700 | C34: S003 | D34: PrimeElectronics | E34: Smart Home | F34: Google | G34: Echo Show 10 | H34: GO-5227-SL | I34: 707541577390 | J34: 0707541577390 | K34: Google Echo Show 10 Smart Home Device | L34: Transform your home with the Google Echo Show 10. Easy setup and seamless smart home integration. | M34: 362.4 | N34: 0.69 | O34: 0 | P34: https://images.bestbuy.com/marketplace/google-echo-show-10-main.jpg | Q34: Connectivity: Bluetooth | Voice_Assistant: None | Power: USB-C | R34: 2024-11-17 | S34: 2023-12-06 | T34: Yes | U34: STALE_LISTING
A35: 34 | B35: BB-MKT-00246 | C35: S005 | D35: ConnectPro Sales | E35: Tablets | F35: Amazon | G35: iPad Pro 12.9 | H35: AM-9462-SL | I35: 635758278399 | J35: 0635758278399 | K35: Amazon iPad Pro 12.9 12.4" 128GB Tablet | L35: Stay productive and entertained with the Amazon iPad Pro 12.9. Powerful performance in a sleek design. | M35: 1093.17 | N35: 0.61 | O35: 0 | P35: https://images.bestbuy.com/marketplace/amazon-ipad-pro-12.9-main.jpg | Q35: Storage_GB: 128 | Screen_Size: 12.4" | Cellular: Yes | RAM_GB: 12 | R35: 2024-08-03 | S35: 2023-11-20 | T35: Yes | U35: STALE_LISTING
A36: 35 | B36: BB-MKT-00815 | C36: S004 | D36: ValueTech Store | E36: Headphones | F36: Bose | G36: WH-1000XM5 | H36: BO-9813-WH | I36: 696530775578 | J36: 0696530775578 | K36: Bose WH-1000XM5 Over-ear Both Headphones | L36: Enjoy crystal-clear audio with the Bose WH-1000XM5. Perfect for music lovers and remote workers. | M36: 32.47 | N36: 0.41 | O36: 13 | P36: https://images.bestbuy.com/marketplace/bose-wh-1000xm5-main.jpg | Q36: Type: Over-ear | Connectivity: Both | ANC: Yes | Battery_Hours: 20 | R36: 2025-01-06 | S36: 2025-01-06 | T36: Yes
A37: 36 | B37: BB-MKT-00969 | C37: S002 | D37: EliteGadgets Inc | E37: TVs | F37: TCL | G37: OLED C3 | H37: TC-4375-BK | I37: 520572158394 | J37: 0520572158394 | K37: TCL 75" 1080p Full HD Smart TV OLED C3 | L37: Immerse yourself in stunning visuals with the TCL OLED C3. Features cutting-edge display technology. | M37: 3715.17 | N37: 8.21 | O37: 123 | P37: https://images.bestbuy.com/marketplace/tcl-oled-c3-main.jpg | Q37: Screen_Size: 75" | Resolution: 1080p Full HD | Smart_TV: Yes | HDR: HDR10 | R37: 2024-12-17 | S37: 2024-12-17 | T37: Yes
A38: 37 | B38: BB-MKT-00780 | C38: S004 | D38: ValueTech Store | E38: Headphones | F38: JBL | G38: Tour One | H38: JB-8111-WH | I38: 279281185915 | J38: 0279281185915 | K38: JBL Tour One In-ear Wired Headphones | L38: Enjoy crystal-clear audio with the JBL Tour One. Perfect for music lovers and remote workers. | M38: 73.73 | N38: 0.21 | O38: 491 | P38: https://images.bestbuy.com/marketplace/jbl-tour-one-main.jpg | Q38: Type: In-ear | Connectivity: Wired | ANC: Yes | Battery_Hours: 24 | R38: 2024-08-19 | S38: 2024-08-19 | T38: Yes
A39: 38 | B39: BB-MKT-01000 | C39: S008 | D39: DigitalHub USA | E39: Smart Home | F39: Arlo | G39: Nest Hub Max | H39: AR-2003-BL | I39: 751444143907 | J39: 0751444143907 | K39: Arlo Nest Hub Max Smart Home Device | L39: Transform your home with the Arlo Nest Hub Max. Easy setup and seamless smart home integration. | M39: 115.92 | N39: 0.11 | O39: 90 | P39: https://images.bestbuy.com/marketplace/arlo-nest-hub-max-main.jpg | Q39: Connectivity: Bluetooth | Voice_Assistant: Apple HomeKit | Power: USB-C | R39: 2024-10-10 | S39: 2024-10-10 | T39: Yes
A40: 39 | B40: BB-MKT-00644 | C40: S006 | D40: NextGen Devices | E40: TVs | F40: Lenovo | G40: iPad Pro 12.9 | H40: LE-3144-SL | I40: 204770454921 | J40: 0204770454921 | K40: Lenovo iPad Pro 12.9 11" 256GB Tablet | L40: Stay productive and entertained with the Lenovo iPad Pro 12.9. Powerful performance in a sleek design. | M40: 1014.11 | N40: 0.65 | O40: 412 | P40: https://images.bestbuy.com/marketplace/lenovo-ipad-pro-12.9-main.jpg | Q40: Storage_GB: 256 | Screen_Size: 11" | Cellular: Yes | RAM_GB: 16 | R40: 2024-07-28 | S40: 2024-07-28 | T40: Yes | U40: CATEGORY_MISMATCH
A41: 40 | B41: BB-MKT-00572 | C41: S001 | D41: TechDirect LLC | E41: Headphones | F41: JBL | G41: Studio Pro | H41: JB-6922-BK | I41: 643169854042 | J41: 0643169854042 | K41: JBL Studio Pro On-ear Wired Headphones | L41: Enjoy crystal-clear audio with the JBL Studio Pro. Perfect for music lovers and remote workers. | M41: 488.58 | N41: 0.26 | O41: 0 | P41: https://images.bestbuy.com/marketplace/jbl-studio-pro-main.jpg | Q41: Type: On-ear | Connectivity: Wired | ANC: Yes | Battery_Hours: 40 | R41: 2025-02-01 | S41: 2023-11-27 | T41: Yes | U41: STALE_LISTING
A42: 41 | B42: BB-MKT-00038 | C42: S007 | D42: SmartBuy Co | E42: Laptops | F42: HP | G42: Katana 15 | H42: HP-1096-SL | I42: 625619734196 | J42: 0625619734196 | K42: HP Katana 15 13.3" Laptop - 64GB RAM 512GB SSD | L42: Experience premium performance with the HP Katana 15. Designed for professionals and students alike. | M42: 1026.09 | N42: 1.82 | O42: 456 | P42: https://images.bestbuy.com/marketplace/hp-katana-15-main.jpg | Q42: RAM_GB: 64 | Storage_GB: 512 | Screen_Size: 13.3" | Processor: Apple M2 | R42: 2025-01-31 | S42: 2025-01-31 | T42: Yes
A43: 42 | B43: BB-MKT-00522 | C43: S005 | D43: ConnectPro Sales | E43: TVs | F43: Samsung | G43: Bravia XR | H43: SA-6882-BK | I43: 244325991971 | J43: 0244325991971 | K43: Samsung 65" 8K Smart TV Bravia XR | L43: Immerse yourself in stunning visuals with the Samsung Bravia XR. Features cutting-edge display technology. | M43: 3369.2 | N43: 30.56 | O43: 250 | P43: https://images.bestbuy.com/marketplace/samsung-bravia-xr-main.jpg | Q43: Screen_Size: 65" | Resolution: 8K | Smart_TV: No | HDR: HDR10+ | R43: 2025-02-14 | S43: 2025-02-14 | T43: Yes
A44: 43 | B44: BB-MKT-00344 | C44: S008 | D44: DigitalHub USA | E44: Headphones | F44: JBL | G44: Evolve2 85 | H44: JB-7429-BK | I44: 392298458992 | J44: 0392298458992 | K44: JBL Evolve2 85 Over-ear Wired Headphones | L44: Enjoy crystal-clear audio with the JBL Evolve2 85. Perfect for music lovers and remote workers. | M44: 311.46 | N44: 0.25 | O44: 458 | P44: https://images.bestbuy.com/marketplace/jbl-evolve2-85-main.jpg | Q44: Type: Over-ear | Connectivity: Wired | ANC: Yes | Battery_Hours: 24 | R44: 2024-11-06 | S44: 2024-11-06 | T44: Yes
A45: 44 | B45: BB-MKT-00239 | C45: S005 | D45: ConnectPro Sales | E45: Smart Home | F45: Amazon | G45: Nest Hub Max | H45: AM-9871-BL | I45: 986239835712 | J45: 0986239835712 | K45: Amazon Nest Hub Max Smart Home Device | L45: Transform your home with the Amazon Nest Hub Max. Easy setup and seamless smart home integration. | M45: 485.23 | N45: 0.93 | O45: 0 | P45: https://images.bestbuy.com/marketplace/amazon-nest-hub-max-main.jpg | Q45: Connectivity: Wi-Fi | Voice_Assistant: Alexa | Power: USB-C | R45: 2024-08-01 | S45: 2023-12-10 | T45: Yes | U45: STALE_LISTING
A46: 45 | B46: BB-MKT-00335 | C46: S005 | D46: ConnectPro Sales | E46: Laptops | F46: Microsoft | G46: Fire HD 10 | H46: MI-3048-WH | I46: 125143648433 | J46: 0125143648433 | K46: Microsoft Fire HD 10 12.4" 512GB Tablet | L46: Stay productive and entertained with the Microsoft Fire HD 10. Powerful performance in a sleek design. | M46: 910.33 | N46: 0.86 | O46: 358 | P46: https://images.bestbuy.com/marketplace/microsoft-fire-hd-10-main.jpg | Q46: Storage_GB: 512 | Screen_Size: 12.4" | Cellular: Yes | RAM_GB: 6 | R46: 2024-08-10 | S46: 2024-08-10 | T46: Yes | U46: CATEGORY_MISMATCH
A47: 46 | B47: BB-MKT-00780 | C47: S003 | D47: PrimeElectronics | E47: Headphones | F47: JBL | G47: Tour One | H47: JB-8111-WH | I47: 279281185915 | J47: 0279281185915 | K47: JBL Tour One In-ear Wired Headphones | L47: Enjoy crystal-clear audio with the JBL Tour One. Perfect for music lovers and remote workers. | M47: 78.11 | N47: 0.21 | O47: 491 | P47: https://images.bestbuy.com/marketplace/jbl-tour-one-main.jpg | Q47: Type: In-ear | Connectivity: Wired | ANC: Yes | Battery_Hours: 24 | R47: 2024-08-19 | S47: 2024-08-19 | T47: Yes | U47: DUPLICATE_SKU
A48: 47 | B48: BB-MKT-00781 | C48: S004 | D48: ValueTech Store | E48: Laptops | F48: MSI | G48: Pavilion 15 | H48: MS-4036-BL | I48: 473971242576 | J48: 0473971242576 | K48: MSI Pavilion 15 16" Laptop - 8GB RAM 512GB SSD | L48: Experience premium performance with the MSI Pavilion 15. Designed for professionals and students alike. | M48: 798.29 | N48: 1.53 | O48: 423 | P48: https://images.bestbuy.com/marketplace/msi-pavilion-15-main.jpg | Q48: RAM_GB: 8 | Storage_GB: 512 | Screen_Size: 16" | Processor: Apple M2 | R48: 2025-02-28 | S48: 2025-02-28 | T48: Yes
A49: 48 | B49: BB-MKT-00171 | C49: S001 | D49: TechDirect LLC | E49: TVs | F49: Sony | G49: QLED 4K | H49: SO-2260-SL | I49: 537317445811 | J49: 0537317445811 | K49: Sony 50" 1080p Full HD Smart TV QLED 4K | L49: Immerse yourself in stunning visuals with the Sony QLED 4K. Features cutting-edge display technology. | M49: 858.19 | N49: 18.58 | O49: 427 | P49: https://images.bestbuy.com/marketplace/sony-qled-4k-main.jpg | Q49: Screen_Size: 50" | Resolution: 1080p Full HD | Smart_TV: Yes | HDR: HDR10+ | R49: 2025-01-16 | S49: 2025-01-16 | T49: Yes
A50: 49 | B50: BB-MKT-00740 | C50: S004 | D50: ValueTech Store | E50: TVs | F50: Samsung | G50: 5-Series 4K | H50: SA-8418-WH | I50: 233656199806 | J50: 0233656199806 | K50: Samsung 65" 4K UHD Smart TV 5-Series 4K | L50: Immerse yourself in stunning visuals with the Samsung 5-Series 4K. Features cutting-edge display technology. | M50: 2504.37 | N50: 34.01 | O50: 121 | P50: https://images.bestbuy.com/marketplace/samsung-5-series-4k-main.jpg | Q50: Screen_Size: 65" | Resolution: 4K UHD | Smart_TV: No | HDR: Dolby Vision | R50: 2025-04-22 | S50: 2025-04-22 | T50: Yes
A51: 50 | B51: BB-MKT-00207 | C51: S007 | D51: SmartBuy Co | E51: Laptops | F51: Apple | G51: Aspire 5 | H51: AP-4329-WH | I51: 658685143493 | J51: 0841696827829 | K51: Apple Aspire 5 13.3" Laptop - 16GB RAM 512GB SSD | L51: Experience premium performance with the Apple Aspire 5. Designed for professionals and students alike. | M51: 1525.42 | N51: 1.83 | O51: 324 | P51: https://images.bestbuy.com/marketplace/apple-aspire-5-main.jpg | Q51: RAM_GB: 16 | Storage_GB: 512 | Screen_Size: 13.3" | Processor: AMD Ryzen 5 | R51: 2024-08-03 | S51: 2024-08-03 | T51: Yes | U51: GTIN_UPC_MISMATCH
A52: 51 | B52: BB-MKT-00296 | C52: S001 | D52: TechDirect LLC | E52: Smart Home | F52: Wyze | G52: Learning Thermostat | H52: WY-6633-WH | I52: 914962728298 | J52: 0914962728298 | K52: Wyze Learning Thermostat Smart Home Device | L52: Transform your home with the Wyze Learning Thermostat. Easy setup and seamless smart home integration. | M52: 222.95 | N52: 1 | O52: 262 | P52: https://images.bestbuy.com/marketplace/wyze-learning-thermostat-main.jpg | Q52: Connectivity: Wi-Fi | Voice_Assistant: Apple HomeKit | Power: Battery | R52: 2024-09-11 | S52: 2024-09-11 | T52: Yes
A53: 52 | B53: BB-MKT-00783 | C53: S008 | D53: DigitalHub USA | E53: TVs | F53: Samsung | G53: U8K | H53: SA-7396-SL | I53: 378434777669 | J53: 0378434777669 | K53: Samsung 75" 8K Smart TV U8K | L53: Immerse yourself in stunning visuals with the Samsung U8K. Features cutting-edge display technology. | M53: 503.82 | N53: 46.34 | O53: 495 | P53: https://images.bestbuy.com/marketplace/samsung-u8k-main.jpg | Q53: Screen_Size: 75" | Resolution: 8K | Smart_TV: Yes | HDR: HDR10 | R53: 2024-11-25 | S53: 2024-11-25 | T53: Yes
A54: 53 | B54: BB-MKT-00825 | C54: S007 | D54: SmartBuy Co | E54: Laptops | F54: MSI | G54: MacBook Air | H54: MS-6932-WH | I54: 329860847179 | J54: 0329860847179 | K54: MSI MacBook Air 13.3" Laptop - 32GB RAM 512GB SSD | L54: Experience premium performance with the MSI MacBook Air. Designed for professionals and students alike. | M54: 2467.96 | N54: 2.54 | O54: 202 | P54: https://images.bestbuy.com/marketplace/msi-macbook-air-main.jpg | Q54: RAM_GB: 32 | Storage_GB: 512 | Screen_Size: 13.3" | Processor: Intel i5 | R54: 2024-10-26 | S54: 2024-10-26 | T54: Yes
A55: 54 | B55: BB-MKT-00913 | C55: S008 | D55: DigitalHub USA | E55: Smart Home | F55: Arlo | G55: Nest Hub Max | H55: AR-3493-SL | I55: 595921470446 | J55: 0595921470446 | K55: Arlo Nest Hub Max Smart Home Device | L55: Transform your home with the Arlo Nest Hub Max. Easy setup and seamless smart home integration. | M55: 63.32 | N55: 1.01 | O55: 173 | P55: https://images.bestbuy.com/marketplace/arlo-nest-hub-max-main.jpg | Q55: Connectivity: Wi-Fi | Voice_Assistant: None | Power: Wired | R55: 2025-02-18 | S55: 2025-02-18 | T55: Yes
A56: 55 | B56: BB-MKT-00788 | C56: S003 | D56: PrimeElectronics | E56: Tablets | F56: Lenovo | G56: Fire HD 10 | H56: LE-7024-SL | I56: 778163081324 | J56: 0778163081324 | K56: Lenovo Fire HD 10 8" 128GB Tablet | L56: Stay productive and entertained with the Lenovo Fire HD 10. Powerful performance in a sleek design. | M56: 371.69 | N56: 0.56 | O56: 29 | P56: https://images.bestbuy.com/marketplace/lenovo-fire-hd-10-main.jpg | Q56: Storage_GB: 128 | Screen_Size: 8" | Cellular: No | RAM_GB: 4 | R56: 2024-10-30 | S56: 2024-10-30 | T56: Yes
A57: 56 | B57: BB-MKT-00226 | C57: S002 | D57: EliteGadgets Inc | E57: TVs | F57: Vizio | G57: OLED C3 | H57: VI-7363-SL | I57: 980393840836 | J57: 0980393840836 | K57: Vizio 55" 1080p Full HD Smart TV OLED C3 | L57: Immerse yourself in stunning visuals with the Vizio OLED C3. Features cutting-edge display technology. | M57: 3756.02 | N57: 51.63 | O57: 88 | P57: https://images.bestbuy.com/marketplace/vizio-oled-c3-main.jpg | Q57: Screen_Size: 55" | Resolution: 1080p Full HD | Smart_TV: Yes | HDR: HDR10 | R57: 2024-09-29 | S57: 2024-09-29 | T57: Yes
A58: 57 | B58: BB-MKT-00828 | C58: S002 | D58: EliteGadgets Inc | E58: Laptops | F58: Dell | G58: Aspire 5 | H58: DE-7408-WH | I58: 203731395415 | J58: 0203731395415 | K58: Dell Aspire 5 13.3" Laptop - 64GB RAM 256GB SSD | L58: Experience premium performance with the Dell Aspire 5. Designed for professionals and students alike. | M58: 2145.09 | N58: 2.57 | O58: 401 | P58: https://images.bestbuy.com/marketplace/dell-aspire-5-main.jpg | Q58: RAM_GB: 64 | Storage_GB: 256 | Screen_Size: 13.3" | Processor: Apple M2 | R58: 2024-12-13 | S58: 2024-12-13 | T58: Yes
A59: 58 | B59: BB-MKT-00871 | C59: S004 | D59: ValueTech Store | E59: TVs | F59: Samsung | G59: U8K | H59: SA-5500-SL | I59: 574565755436 | J59: 0574565755436 | K59: Samsung 43" 4K UHD Smart TV U8K | L59: Immerse yourself in stunning visuals with the Samsung U8K. Features cutting-edge display technology. | M59: 3893.45 | N59: 38.32 | O59: 124 | P59: https://images.bestbuy.com/marketplace/samsung-u8k-main.jpg | Q59: Screen_Size: 43" | Resolution: 4K UHD | Smart_TV: Yes | HDR: HDR10+ | R59: 2025-03-26 | S59: 2025-03-26 | T59: Yes
A60: 59 | B60: BB-MKT-00643 | C60: S004 | D60: ValueTech Store | E60: Laptops | F60: MSI | G60: Katana 15 | H60: MS-3608-BK | I60: 997581118439 | J60: 0763338558088 | K60: MSI Katana 15 16" Laptop - 16GB RAM 512GB SSD | L60: Experience premium performance with the MSI Katana 15. Designed for professionals and students alike. | M60: 1549.68 | N60: 1.74 | O60: 347 | P60: https://images.bestbuy.com/marketplace/msi-katana-15-main.jpg | Q60: RAM_GB: 16 | Storage_GB: 512 | Screen_Size: 16" | Processor: AMD Ryzen 5 | R60: 2025-02-28 | S60: 2025-02-28 | T60: Yes | U60: GTIN_UPC_MISMATCH
A61: 60 | B61: BB-MKT-00234 | C61: S004 | D61: ValueTech Store | E61: TVs | F61: TCL | G61: QLED 4K | H61: TC-6600-WH | J61: 0177759201989 | K61: TCL 43" 8K Smart TV QLED 4K | L61: Immerse yourself in stunning visuals with the TCL QLED 4K. Features cutting-edge display technology. | M61: 3578.74 | N61: 15.08 | O61: 38 | P61: https://images.bestbuy.com/marketplace/tcl-qled-4k-main.jpg | Q61: Screen_Size: 43" | Resolution: 8K | Smart_TV: Yes | HDR: Dolby Vision | R61: 2025-04-07 | S61: 2025-04-07 | T61: Yes | U61: MISSING_UPC
A62: 61 | B62: BB-MKT-00410 | C62: S006 | D62: NextGen Devices | E62: Headphones | F62: Sennheiser | G62: Studio Pro | H62: SE-1133-BL | I62: 198742540483 | J62: 0198742540483 | K62: Sennheiser Studio Pro In-ear Wired Headphones | L62: Enjoy crystal-clear audio with the Sennheiser Studio Pro. Perfect for music lovers and remote workers. | M62: 469.77 | N62: 0.41 | O62: 31 | P62: https://images.bestbuy.com/marketplace/sennheiser-studio-pro-main.jpg | Q62: Type: In-ear | Connectivity: Wired | ANC: No | Battery_Hours: 30 | R62: 2025-01-06 | S62: 2025-01-06 | T62: Yes
A63: 62 | B63: BB-MKT-00640 | C63: S001 | D63: TechDirect LLC | E63: Headphones | F63: Sony | G63: Momentum 4 | H63: SO-6980-WH | I63: 947481413490 | J63: 0947481413490 | K63: Sony Momentum 4 In-ear Wireless Headphones | L63: Enjoy crystal-clear audio with the Sony Momentum 4. Perfect for music lovers and remote workers. | M63: 299.27 | N63: 0.35 | O63: 113 | P63: https://images.bestbuy.com/marketplace/sony-momentum-4-main.jpg | Q63: Type: In-ear | Connectivity: Wireless | ANC: No | Battery_Hours: 36 | R63: 2024-08-24 | S63: 2024-08-24 | T63: Yes
A64: 63 | B64: BB-MKT-00431 | C64: S002 | D64: EliteGadgets Inc | E64: Smart Home | F64: Wyze | G64: Video Doorbell Pro 2 | H64: WY-2485-SL | I64: 791726793957 | J64: 0791726793957 | K64: Wyze Video Doorbell Pro 2 Smart Home Device | L64: Transform your home with the Wyze Video Doorbell Pro 2. Easy setup and seamless smart home integration. | M64: 280.27 | N64: 1.45 | O64: 41 | P64: https://images.bestbuy.com/marketplace/wyze-video-doorbell-pro-2-main.jpg | Q64: Connectivity: Z-Wave | Voice_Assistant: Apple HomeKit | Power: Wired | R64: 2025-02-21 | S64: 2025-02-21 | T64: Yes
A65: 64 | B65: BB-MKT-00759 | C65: S002 | D65: EliteGadgets Inc | E65: Headphones | F65: Jabra | G65: Evolve2 85 | H65: JA-6715-SL | I65: 846939168337 | J65: 0846939168337 | K65: Jabra Evolve2 85 In-ear Wired Headphones | L65: Enjoy crystal-clear audio with the Jabra Evolve2 85. Perfect for music lovers and remote workers. | M65: 232.33 | N65: 0.3 | O65: 141 | P65: https://images.bestbuy.com/marketplace/jabra-evolve2-85-main.jpg | Q65: Type: In-ear | Connectivity: Wired | ANC: Yes | Battery_Hours: 30 | R65: 2024-12-06 | S65: 2024-12-06 | T65: Yes
A66: 65 | B66: BB-MKT-00148 | C66: S008 | D66: DigitalHub USA | E66: Headphones | F66: JBL | G66: QuietComfort 45 | H66: JB-1187-SL | I66: 897070599637 | J66: 0897070599637 | K66: JBL QuietComfort 45 On-ear Wired Headphones | L66: Enjoy crystal-clear audio with the JBL QuietComfort 45. Perfect for music lovers and remote workers. | M66: 331.43 | N66: 0.37 | O66: 31 | P66: https://images.bestbuy.com/marketplace/jbl-quietcomfort-45-main.jpg | Q66: Type: On-ear | Connectivity: Wired | ANC: No | Battery_Hours: 30 | R66: 2024-08-30 | S66: 2024-08-30 | T66: Yes | U66: DUPLICATE_SKU
A67: 66 | B67: BB-MKT-00108 | C67: S002 | D67: EliteGadgets Inc | E67: Headphones | F67: Sony | G67: Studio Pro | H67: SO-4637-BL | I67: 200663178163 | J67: 0200663178163 | K67: Sony Studio Pro Over-ear Wired Headphones | L67: Enjoy crystal-clear audio with the Sony Studio Pro. Perfect for music lovers and remote workers. | M67: 489.01 | N67: 0.43 | O67: 212 | P67: https://images.bestbuy.com/marketplace/sony-studio-pro-main.jpg | Q67: Type: Over-ear | Connectivity: Wired | ANC: No | Battery_Hours: 40 | R67: 2024-07-28 | S67: 2024-07-28 | T67: Yes
A68: 67 | B68: BB-MKT-00496 | C68: S001 | D68: TechDirect LLC | E68: Smart Home | F68: Google | G68: Video Doorbell Pro 2 | H68: GO-5919-BL | I68: 920985028652 | J68: 0920985028652 | K68: Google Video Doorbell Pro 2 Smart Home Device | L68: Transform your home with the Google Video Doorbell Pro 2. Easy setup and seamless smart home integration. | M68: 221.82 | N68: 1.3 | O68: 466 | P68: https://images.bestbuy.com/marketplace/google-video-doorbell-pro-2-main.jpg | Q68: Connectivity: Bluetooth | Voice_Assistant: Google Assistant | Power: Battery | R68: 2024-08-02 | S68: 2024-08-02 | T68: Yes
A69: 68 | B69: BB-MKT-00118 | C69: S005 | D69: ConnectPro Sales | E69: Tablets | F69: Amazon | G69: Tab P12 Pro | H69: AM-6776-BL | I69: 899045831074 | J69: 0899045831074 | K69: Amazon Tab P12 Pro 12.4" 128GB Tablet | L69: Stay productive and entertained with the Amazon Tab P12 Pro. Powerful performance in a sleek design. | M69: 464.74 | N69: 0.89 | O69: 485 | P69: https://images.bestbuy.com/marketplace/amazon-tab-p12-pro-main.jpg | Q69: Storage_GB: 128 | Screen_Size: 12.4" | Cellular: No | RAM_GB: 12 | R69: 2024-07-30 | S69: 2024-07-30 | T69: Yes
A70: 69 | B70: BB-MKT-00330 | C70: S005 | D70: ConnectPro Sales | E70: Tablets | F70: Samsung | G70: Fire HD 10 | H70: SA-4863-BL | I70: 399448622255 | J70: 0399448622255 | K70: Samsung Fire HD 10 12.9" 128GB Tablet | L70: Stay productive and entertained with the Samsung Fire HD 10. Powerful performance in a sleek design. | M70: 1133.76 | N70: 0.42 | O70: 409 | P70: https://images.bestbuy.com/marketplace/samsung-fire-hd-10-main.jpg | Q70: Storage_GB: 128 | Screen_Size: 12.9" | Cellular: Yes | RAM_GB: 4 | R70: 2024-09-15 | S70: 2024-09-15 | T70: Yes
A71: 70 | B71: BB-MKT-00247 | C71: S005 | D71: ConnectPro Sales | E71: Smart Home | F71: Nest | G71: Nest Hub Max | H71: NE-1541-BL | I71: 370830447947 | J71: 0370830447947 | K71: Nest Nest Hub Max Smart Home Device | L71: Transform your home with the Nest Nest Hub Max. Easy setup and seamless smart home integration. | M71: 52.76 | N71: 0.6 | O71: 101 | P71: https://images.bestbuy.com/marketplace/nest-nest-hub-max-main.jpg | Q71: Connectivity: Wi-Fi | Voice_Assistant: Google Assistant | Power: Battery | R71: 2024-11-18 | S71: 2024-11-18 | T71: Yes
A72: 71 | B72: BB-MKT-00618 | C72: S008 | D72: DigitalHub USA | E72: Laptops | F72: Dell | G72: Katana 15 | H72: DE-2503-WH | I72: 238316071754 | J72: 0238316071754 | K72: Dell Katana 15 14" Laptop - 64GB RAM 256GB SSD | L72: Experience premium performance with the Dell Katana 15. Designed for professionals and students alike. | M72: 1643.52 | N72: 2.53 | O72: 477 | P72: https://images.bestbuy.com/marketplace/dell-katana-15-main.jpg | Q72: RAM_GB: 64 | Storage_GB: 256 | Screen_Size: 14" | Processor: Intel i5 | R72: 2024-10-13 | S72: 2024-10-13 | T72: Yes
A73: 72 | B73: BB-MKT-00899 | C73: S007 | D73: SmartBuy Co | E73: Laptops | F73: Apple | G73: VivoBook 16 | H73: AP-7671-SL | I73: 930009936596 | J73: 0930009936596 | K73: Apple VivoBook 16 16" Laptop - 16GB RAM 1024GB SSD | L73: Experience premium performance with the Apple VivoBook 16. Designed for professionals and students alike. | M73: 1433.47 | N73: 1.48 | O73: 259 | P73: https://images.bestbuy.com/marketplace/apple-vivobook-16-main.jpg | Q73: RAM_GB: 16 | Storage_GB: 1024 | Screen_Size: 16" | Processor: Intel i5 | R73: 2025-03-05 | S73: 2025-03-05 | T73: Yes
A74: 73 | B74: BB-MKT-00550 | C74: S007 | D74: SmartBuy Co | E74: Smart Home | F74: Wyze | G74: Cam OG | H74: WY-7937-BL | I74: 797927148904 | J74: 0230535362395 | K74: Wyze Cam OG Smart Home Device | L74: Transform your home with the Wyze Cam OG. Easy setup and seamless smart home integration. | M74: 3766.97 | N74: 1.43 | O74: 374 | P74: https://images.bestbuy.com/marketplace/wyze-cam-og-main.jpg | Q74: Connectivity: Bluetooth | Voice_Assistant: Apple HomeKit | Power: USB-C | R74: 2025-01-30 | S74: 2025-01-30 | T74: Yes | U74: GTIN_UPC_MISMATCH
A75: 74 | B75: BB-MKT-00674 | C75: S007 | D75: SmartBuy Co | E75: Laptops | F75: Lenovo | G75: XPS 15 | H75: LE-5046-SL | I75: 562617737537 | J75: 0562617737537 | K75: Lenovo XPS 15 15.6" Laptop - 32GB RAM 512GB SSD | L75: Experience premium performance with the Lenovo XPS 15. Designed for professionals and students alike. | M75: 2278.72 | N75: 1.49 | O75: 0 | P75: https://images.bestbuy.com/marketplace/lenovo-xps-15-main.jpg | Q75: RAM_GB: 32 | Storage_GB: 512 | Screen_Size: 15.6" | Processor: AMD Ryzen 5 | R75: 2024-07-27 | S75: 2024-07-27 | T75: Yes
A76: 75 | B76: BB-MKT-00866 | C76: S003 | D76: PrimeElectronics | E76: TVs | F76: TCL | G76: V-Series | H76: TC-2661-BL | I76: 853106567568 | J76: 0853106567568 | K76: TCL 75" 4K UHD Smart TV V-Series | L76: Immerse yourself in stunning visuals with the TCL V-Series. Features cutting-edge display technology. | M76: 3262.31 | N76: 8.54 | O76: 163 | P76: https://images.bestbuy.com/marketplace/tcl-v-series-main.jpg | Q76: Screen_Size: 75" | Resolution: 4K UHD | Smart_TV: No | HDR: HDR10 | R76: 2024-09-04 | S76: 2024-09-04 | T76: Yes
A77: 76 | B77: BB-MKT-00103 | C77: S005 | D77: ConnectPro Sales | E77: Tablets | F77: Samsung | G77: Fire HD 10 | H77: SA-9624-BK | I77: 240931555521 | J77: 0240931555521 | K77: Samsung Fire HD 10 11" 64GB Tablet | L77: Stay productive and entertained with the Samsung Fire HD 10. Powerful performance in a sleek design. | M77: 891.93 | N77: 0.55 | O77: 185 | P77: https://images.bestbuy.com/marketplace/samsung-fire-hd-10-main.jpg | Q77: Storage_GB: 64 | Screen_Size: 11" | Cellular: No | RAM_GB: 8 | R77: 2024-07-10 | S77: 2024-07-10 | T77: Yes
A78: 77 | B78: BB-MKT-00458 | C78: S005 | D78: ConnectPro Sales | E78: Laptops | F78: HP | G78: IdeaPad 5 | H78: HP-9770-SL | I78: 280062774333 | J78: 0280062774333 | K78: HP IdeaPad 5 14" Laptop - 32GB RAM 512GB SSD | L78: Experience premium performance with the HP IdeaPad 5. Designed for professionals and students alike. | M78: 781.79 | N78: 1.48 | O78: 362 | P78: https://images.bestbuy.com/marketplace/hp-ideapad-5-main.jpg | Q78: RAM_GB: 32 | Storage_GB: 512 | Screen_Size: 14" | Processor: Apple M2 | R78: 2024-09-17 | S78: 2024-09-17 | T78: Yes
A79: 78 | B79: BB-MKT-00581 | C79: S001 | D79: TechDirect LLC | E79: TVs | F79: Hisense | G79: U8K | H79: HI-4297-BK | I79: 323237413951 | J79: 0323237413951 | K79: Hisense 43" 8K Smart TV U8K - EXTREMELY DETAILED SPEC DESCRIPTION THAT GOES WAY BEYOND THE ALLOWED CHARACTER LIMIT FOR BEST BUY MARKETPLACE LISTINGS | L79: Immerse yourself in stunning visuals with the Hisense U8K. Features cutting-edge display technology. | M79: 1529.82 | N79: 37.39 | O79: 355 | P79: https://images.bestbuy.com/marketplace/hisense-u8k-main.jpg | Q79: Screen_Size: 43" | Resolution: 8K | Smart_TV: No | HDR: HDR10 | R79: 2025-02-25 | S79: 2025-02-25 | T79: Yes | U79: TITLE_TOO_LONG
A80: 79 | B80: BB-MKT-00561 | C80: S001 | D80: TechDirect LLC | E80: TVs | F80: LG | G80: U8K | H80: LG-7308-BK | I80: 657282271538 | J80: 0657282271538 | K80: LG 75" 4K UHD Smart TV U8K | L80: Immerse yourself in stunning visuals with the LG U8K. Features cutting-edge display technology. | M80: 1258.83 | N80: 22.01 | O80: 283 | P80: https://images.bestbuy.com/marketplace/lg-u8k-main.jpg | Q80: Screen_Size: 75" | Resolution: 4K UHD | Smart_TV: No | HDR: HDR10+ | R80: 2025-01-25 | S80: 2025-01-25 | T80: Yes
A81: 80 | B81: BB-MKT-00450 | C81: S001 | D81: TechDirect LLC | E81: Tablets | F81: Lenovo | G81: Galaxy Tab S9 | H81: LE-1022-BK | I81: 798807938281 | J81: 0798807938281 | K81: Lenovo Galaxy Tab S9 10.1" 512GB Tablet | L81: Stay productive and entertained with the Lenovo Galaxy Tab S9. Powerful performance in a sleek design. | M81: 591.61 | N81: 0.71 | O81: 271 | P81: https://images.bestbuy.com/marketplace/lenovo-galaxy-tab-s9-main.jpg | Q81: Storage_GB: 512 | Screen_Size: 10.1" | Cellular: No | RAM_GB: 12 | R81: 2024-07-17 | S81: 2024-07-17 | T81: Yes
A82: 81 | B82: BB-MKT-00905 | C82: S001 | D82: TechDirect LLC | E82: Tablets | F82: Apple | G82: Tab P12 Pro | H82: AP-4313-WH | I82: 997731829200 | J82: 0997731829200 | K82: Apple Tab P12 Pro 10.1" 256GB Tablet | L82: Stay productive and entertained with the Apple Tab P12 Pro. Powerful performance in a sleek design. | M82: 6916.78 | N82: 0.45 | O82: 426 | P82: https://images.bestbuy.com/marketplace/apple-tab-p12-pro-main.jpg | Q82: Storage_GB: 256 | Screen_Size: 10.1" | Cellular: No | RAM_GB: 8 | R82: 2025-01-08 | S82: 2025-01-08 | T82: Yes | U82: PRICE_ANOMALY
A83: 82 | B83: BB-MKT-00445 | C83: S003 | D83: PrimeElectronics | E83: TVs | F83: Samsung | G83: Surface Pro 9 | H83: SA-1977-SL | I83: 860347056632 | J83: 0860347056632 | K83: Samsung Surface Pro 9 10.1" 256GB Tablet | L83: Stay productive and entertained with the Samsung Surface Pro 9. Powerful performance in a sleek design. | M83: 305.98 | N83: 0.81 | O83: 234 | P83: https://images.bestbuy.com/marketplace/samsung-surface-pro-9-main.jpg | Q83: Storage_GB: 256 | Screen_Size: 10.1" | Cellular: No | RAM_GB: 6 | R83: 2025-01-31 | S83: 2025-01-31 | T83: Yes | U83: CATEGORY_MISMATCH
A84: 83 | B84: BB-MKT-00068 | C84: S001 | D84: TechDirect LLC | E84: Smart Home | F84: Amazon | G84: Nest Hub Max | H84: AM-2612-BK | I84: 577129546141 | J84: 0577129546141 | K84: Amazon Nest Hub Max Smart Home Device | L84: Transform your home with the Amazon Nest Hub Max. Easy setup and seamless smart home integration. | M84: 237.53 | N84: 1.07 | O84: 462 | P84: https://images.bestbuy.com/marketplace/amazon-nest-hub-max-main.jpg | Q84: Connectivity: Z-Wave | Voice_Assistant: Google Assistant | Power: USB-C | R84: 2024-07-15 | S84: 2024-07-15 | T84: Yes
A85: 84 | B85: BB-MKT-00285 | C85: S004 | D85: ValueTech Store | E85: Headphones | F85: Beats | G85: Momentum 4 | H85: BE-3906-BK | J85: 0590889755438 | K85: Beats Momentum 4 In-ear Both Headphones | L85: Enjoy crystal-clear audio with the Beats Momentum 4. Perfect for music lovers and remote workers. | M85: 126.23 | N85: 0.24 | O85: 263 | P85: https://images.bestbuy.com/marketplace/beats-momentum-4-main.jpg | Q85: Type: In-ear | Connectivity: Both | ANC: Yes | Battery_Hours: 24 | R85: 2024-08-31 | S85: 2024-08-31 | T85: Yes | U85: MISSING_UPC
A86: 85 | B86: BB-MKT-00653 | C86: S004 | D86: ValueTech Store | E86: Laptops | F86: Apple | G86: Katana 15 | H86: AP-4526-WH | I86: 427025971044 | J86: 0427025971044 | K86: Apple Katana 15 13.3" Laptop - 8GB RAM 256GB SSD | L86: Experience premium performance with the Apple Katana 15. Designed for professionals and students alike. | M86: 1663.5 | N86: 1.55 | O86: 183 | P86: https://images.bestbuy.com/marketplace/apple-katana-15-main.jpg | Q86: RAM_GB: 8 | Storage_GB: 256 | Screen_Size: 13.3" | Processor: Intel i7 | R86: 2024-11-20 | S86: 2024-11-20 | T86: Yes
A87: 86 | B87: BB-MKT-00775 | C87: S004 | D87: ValueTech Store | E87: Smart Home | F87: Jabra | G87: Momentum 4 | H87: JA-6764-SL | I87: 266025908976 | J87: 0266025908976 | K87: Jabra Momentum 4 On-ear Both Headphones | L87: Enjoy crystal-clear audio with the Jabra Momentum 4. Perfect for music lovers and remote workers. | M87: 267.93 | N87: 0.41 | O87: 71 | P87: https://images.bestbuy.com/marketplace/jabra-momentum-4-main.jpg | Q87: Type: On-ear | Connectivity: Both | ANC: Yes | Battery_Hours: 24 | R87: 2024-11-20 | S87: 2024-11-20 | T87: Yes | U87: CATEGORY_MISMATCH
A88: 87 | B88: BB-MKT-00348 | C88: S003 | D88: PrimeElectronics | E88: Headphones | F88: Beats | G88: WH-1000XM5 | H88: BE-6544-BK | I88: 781550942568 | J88: 0781550942568 | K88: Beats WH-1000XM5 Over-ear Wireless Headphones | L88: Enjoy crystal-clear audio with the Beats WH-1000XM5. Perfect for music lovers and remote workers. | M88: 60.08 | N88: 0.36 | O88: 359 | P88: https://images.bestbuy.com/marketplace/beats-wh-1000xm5-main.jpg | Q88: Type: Over-ear | Connectivity: Wireless | ANC: No | Battery_Hours: 20 | R88: 2025-04-01 | S88: 2025-04-01 | T88: Yes
A89: 88 | B89: BB-MKT-00989 | C89: S003 | D89: PrimeElectronics | E89: Headphones | F89: Apple | G89: WH-1000XM5 | H89: AP-9721-BL | I89: 230632228619 | J89: 0230632228619 | K89: Apple WH-1000XM5 In-ear Wireless Headphones | L89: Enjoy crystal-clear audio with the Apple WH-1000XM5. Perfect for music lovers and remote workers. | M89: 111.31 | N89: 0.34 | O89: 240 | P89: https://images.bestbuy.com/marketplace/apple-wh-1000xm5-main.jpg | Q89: Type: In-ear | Connectivity: Wireless | ANC: Yes | Battery_Hours: 24 | R89: 2024-11-21 | S89: 2024-11-21 | T89: Yes
A90: 89 | B90: BB-MKT-00295 | C90: S004 | D90: ValueTech Store | E90: TVs | F90: Vizio | G90: 5-Series 4K | H90: VI-7113-BK | I90: 811802029051 | J90: 0811802029051 | K90: Vizio 75" 8K Smart TV 5-Series 4K | L90: Immerse yourself in stunning visuals with the Vizio 5-Series 4K. Features cutting-edge display technology. | M90: 2324.72 | N90: 32.42 | O90: 63 | P90: https://images.bestbuy.com/marketplace/vizio-5-series-4k-main.jpg | Q90: Screen_Size: 75" | Resolution: 8K | Smart_TV: Yes | HDR: Dolby Vision | R90: 2024-07-22 | S90: 2024-07-22 | T90: Yes
A91: 90 | B91: BB-MKT-00212 | C91: S006 | D91: NextGen Devices | E91: Tablets | F91: Samsung | G91: Galaxy Tab S9 | H91: SA-7819-SL | I91: 371965068780 | J91: 0371965068780 | K91: Samsung Galaxy Tab S9 12.9" 64GB Tablet | L91: Stay productive and entertained with the Samsung Galaxy Tab S9. Powerful performance in a sleek design. | M91: 460.95 | N91: 0.35 | O91: 190 | P91: https://images.bestbuy.com/marketplace/samsung-galaxy-tab-s9-main.jpg | Q91: Storage_GB: 64 | Screen_Size: 12.9" | Cellular: No | RAM_GB: 6 | R91: 2024-08-31 | S91: 2024-08-31 | T91: Yes
A92: 91 | B92: BB-MKT-00779 | C92: S006 | D92: NextGen Devices | E92: Laptops | F92: Arlo | G92: Hue Starter Kit | H92: AR-8364-BL | I92: 864966579177 | J92: 0864966579177 | K92: Arlo Hue Starter Kit Smart Home Device | L92: Transform your home with the Arlo Hue Starter Kit. Easy setup and seamless smart home integration. | M92: 91.61 | N92: 0.99 | O92: 284 | P92: https://images.bestbuy.com/marketplace/arlo-hue-starter-kit-main.jpg | Q92: Connectivity: Wi-Fi | Voice_Assistant: Google Assistant | Power: Wired | R92: 2024-10-11 | S92: 2024-10-11 | T92: Yes | U92: CATEGORY_MISMATCH
A93: 92 | B93: BB-MKT-00082 | C93: S005 | D93: ConnectPro Sales | E93: TVs | F93: Samsung | G93: V-Series | H93: SA-4898-SL | I93: 966681384799 | J93: 0966681384799 | K93: Samsung 43" 4K UHD Smart TV V-Series | L93: Immerse yourself in stunning visuals with the Samsung V-Series. Features cutting-edge display technology. | M93: 308.18 | N93: 19.68 | O93: 64 | P93: https://images.bestbuy.com/marketplace/samsung-v-series-main.jpg | Q93: Screen_Size: 43" | Resolution: 4K UHD | Smart_TV: Yes | HDR: Dolby Vision | R93: 2025-02-01 | S93: 2025-02-01 | T93: Yes
A94: 93 | B94: BB-MKT-00534 | C94: S008 | D94: DigitalHub USA | E94: Tablets | F94: Apple | G94: Galaxy Tab S9 | H94: AP-9317-WH | I94: 355284741551 | J94: 0355284741551 | K94: Apple Galaxy Tab S9 10.1" 256GB Tablet | L94: Stay productive and entertained with the Apple Galaxy Tab S9. Powerful performance in a sleek design. | M94: 824.81 | N94: 0.71 | O94: 471 | P94: https://images.bestbuy.com/marketplace/apple-galaxy-tab-s9-main.jpg | Q94: Storage_GB: 256 | Screen_Size: 10.1" | Cellular: No | RAM_GB: 8 | R94: 2025-02-25 | S94: 2025-02-25 | T94: Yes
A95: 94 | B95: BB-MKT-00268 | C95: S007 | D95: SmartBuy Co | E95: Laptops | F95: Dell | G95: Katana 15 | H95: DE-8171-SL | I95: 492253611454 | J95: 0492253611454 | K95: Dell Katana 15 14" Laptop - 8GB RAM 256GB SSD | L95: Experience premium performance with the Dell Katana 15. Designed for professionals and students alike. | M95: 2243.8 | N95: 1.35 | O95: 0 | P95: https://images.bestbuy.com/marketplace/dell-katana-15-main.jpg | Q95: RAM_GB: 8 | Storage_GB: 256 | Screen_Size: 14" | Processor: Intel i7 | R95: 2024-12-23 | S95: 2023-12-01 | T95: Yes | U95: STALE_LISTING
A96: 95 | B96: BB-MKT-00092 | C96: S002 | D96: EliteGadgets Inc | E96: Headphones | F96: JBL | G96: WH-1000XM5 | H96: JB-1744-WH | I96: 437872761622 | J96: 0437872761622 | K96: JBL WH-1000XM5 On-ear Both Headphones | L96: Enjoy crystal-clear audio with the JBL WH-1000XM5. Perfect for music lovers and remote workers. | M96: 234.54 | N96: 0.35 | O96: 3 | P96: https://images.bestbuy.com/marketplace/jbl-wh-1000xm5-main.jpg | Q96: Type: On-ear | Connectivity: Both | ANC: No | Battery_Hours: 40 | R96: 2024-10-13 | S96: 2024-10-13 | T96: Yes
A97: 96 | B97: BB-MKT-00965 | C97: S007 | D97: SmartBuy Co | E97: Smart Home | F97: Arlo | G97: Nest Hub Max | H97: AR-4244-SL | I97: 939442358177 | J97: 0939442358177 | K97: Arlo Nest Hub Max Smart Home Device | L97: Transform your home with the Arlo Nest Hub Max. Easy setup and seamless smart home integration. | M97: 472.8 | N97: 0.7 | O97: 222 | P97: https://images.bestbuy.com/marketplace/arlo-nest-hub-max-main.jpg | Q97: Connectivity: Z-Wave | Voice_Assistant: Apple HomeKit | Power: Battery | R97: 2025-01-10 | S97: 2025-01-10 | T97: Yes
A98: 97 | B98: BB-MKT-00771 | C98: S008 | D98: DigitalHub USA | E98: Tablets | F98: Apple | G98: iPad Pro 12.9 | H98: AP-9957-SL | I98: 361221074705 | J98: 0361221074705 | K98: Apple iPad Pro 12.9 12.4" 256GB Tablet | L98: Stay productive and entertained with the Apple iPad Pro 12.9. Powerful performance in a sleek design. | M98: 1093.94 | N98: 0.71 | O98: 439 | P98: https://images.bestbuy.com/marketplace/apple-ipad-pro-12.9-main.jpg | Q98: Storage_GB: 256 | Screen_Size: 12.4" | Cellular: No | RAM_GB: 6 | R98: 2024-09-02 | S98: 2024-09-02 | T98: Yes
A99: 98 | B99: BB-MKT-00342 | C99: S004 | D99: ValueTech Store | E99: Laptops | F99: HP | G99: Pavilion 15 | H99: HP-9060-WH | I99: 398297363894 | J99: 0398297363894 | K99: HP Pavilion 15 16" Laptop - 32GB RAM 256GB SSD | L99: Experience premium performance with the HP Pavilion 15. Designed for professionals and students alike. | M99: 1072.35 | N99: 1.44 | O99: 496 | P99: https://images.bestbuy.com/marketplace/hp-pavilion-15-main.jpg | Q99: RAM_GB: 32 | Storage_GB: 256 | Screen_Size: 16" | Processor: Apple M2 | R99: 2025-03-31 | S99: 2025-03-31 | T99: Yes
A100: 99 | B100: BB-MKT-00645 | C100: S005 | D100: ConnectPro Sales | E100: Tablets | F100: Samsung | G100: Fire HD 10 | H100: SA-4436-WH | I100: 262767312308 | J100: 0262767312308 | K100: Samsung Fire HD 10 12.4" 128GB Tablet | L100: Stay productive and entertained with the Samsung Fire HD 10. Powerful performance in a sleek design. | M100: 1074.01 | N100: 0.42 | O100: 333 | P100: https://images.bestbuy.com/marketplace/samsung-fire-hd-10-main.jpg | Q100: Storage_GB: 128 | Screen_Size: 12.4" | Cellular: No | RAM_GB: 8 | R100: 2024-07-05 | S100: 2024-07-05 | T100: Yes
...

Sheet Audit Engine
A1: BEST BUY MARKETPLACE PRODUCT DATA QUALITY AUDIT ENGINE
A2: Source: Marketplace Product Catalog (PDM Portal) | Best Buy 10-K FY2025 Ref: Marketplace Data Quality Initiative | Refreshed: June 01, 2026
A3: Row_ID | B3: SKU | C3: Seller_ID | D3: Seller_Name | E3: Category | F3: Brand | G3: UPC | H3: GTIN | I3: Title | J3: Price_USD | K3: Last_Updated | L3: Data_Quality_Issue | M3: UPC_Present | N3: GTIN_Match | O3: Title_OK | P3: Price_Range_OK | Q3: Image_Present | R3: Brand_Present | S3: Not_Stale | T3: Issue_Count | U3: Severity | V3: Action_Required
A4: 1 | B4: BB-MKT-00357 | C4: S008 | D4: DigitalHub USA | E4: Tablets | F4: Apple | G4: 823004112457 | H4: 0823004112457 | I4: Apple Galaxy Tab S9 12.9" 128GB Tablet | J4: 1222.55 | K4: 2024-12-14 | M4: =IF(G4<>"","PASS","FAIL - Missing UPC") -> PASS | N4: =IF(AND(G4<>"",H4<>""),IF("0"&G4=H4,"PASS","FAIL - GTIN Mismatch"),"SKIP") -> PASS | O4: =IF(I4="","FAIL - No Title",IF(LEN(I4)<=126,"PASS","FAIL - Title >"&126&" chars")) -> PASS | P4: =IF(J4>0,IF(J4<5000,"PASS","FLAG - Review Price"),"FAIL - Zero Price") -> PASS | Q4: =IF('Raw Catalog'!P2<>"","PASS","FAIL - No Image") -> PASS | R4: =IF(F4<>"","PASS","FAIL - No Brand") -> PASS | S4: =IF(K4="","FAIL - No Date",IF(TODAY()-DATEVALUE(K4)<=180,"PASS","FLAG - Stale >180d")) -> FLAG - Stale >180d | T4: =COUNTIF(M4:S4,"FAIL*")+COUNTIF(M4:S4,"FLAG*") -> 1 | U4: =IF(T4=0,"CLEAN",IF(T4=1,"MINOR",IF(T4<=3,"MODERATE","CRITICAL"))) -> MINOR | V4: =IF(U4="CLEAN","None",IF(U4="MINOR","Seller Notify",IF(U4="MODERATE","Listing Suspended","Immediate Removal"))) -> Seller Notify
A5: 2 | B5: BB-MKT-00833 | C5: S006 | D5: NextGen Devices | E5: Smart Home | F5: Wyze | G5: 929827299135 | H5: 0929827299135 | I5: Wyze Learning Thermostat Smart Home Device | J5: 176.12 | K5: 2025-02-22 | M5: =IF(G5<>"","PASS","FAIL - Missing UPC") -> PASS | N5: =IF(AND(G5<>"",H5<>""),IF("0"&G5=H5,"PASS","FAIL - GTIN Mismatch"),"SKIP") -> PASS | O5: =IF(I5="","FAIL - No Title",IF(LEN(I5)<=126,"PASS","FAIL - Title >"&126&" chars")) -> PASS | P5: =IF(J5>0,IF(J5<5000,"PASS","FLAG - Review Price"),"FAIL - Zero Price") -> PASS | Q5: =IF('Raw Catalog'!P3<>"","PASS","FAIL - No Image") -> PASS | R5: =IF(F5<>"","PASS","FAIL - No Brand") -> PASS | S5: =IF(K5="","FAIL - No Date",IF(TODAY()-DATEVALUE(K5)<=180,"PASS","FLAG - Stale >180d")) -> FLAG - Stale >180d | T5: =COUNTIF(M5:S5,"FAIL*")+COUNTIF(M5:S5,"FLAG*") -> 1 | U5: =IF(T5=0,"CLEAN",IF(T5=1,"MINOR",IF(T5<=3,"MODERATE","CRITICAL"))) -> MINOR | V5: =IF(U5="CLEAN","None",IF(U5="MINOR","Seller Notify",IF(U5="MODERATE","Listing Suspended","Immediate Removal"))) -> Seller Notify
A6: 3 | B6: BB-MKT-00543 | C6: S007 | D6: SmartBuy Co | E6: Laptops | G6: 979237227132 | H6: 0979237227132 | I6: ASUS Katana 15 14" Laptop - 8GB RAM 1024GB SSD | J6: 1279.54 | K6: 2025-04-10 | L6: MISSING_BRAND | M6: =IF(G6<>"","PASS","FAIL - Missing UPC") -> PASS | N6: =IF(AND(G6<>"",H6<>""),IF("0"&G6=H6,"PASS","FAIL - GTIN Mismatch"),"SKIP") -> PASS | O6: =IF(I6="","FAIL - No Title",IF(LEN(I6)<=126,"PASS","FAIL - Title >"&126&" chars")) -> PASS | P6: =IF(J6>0,IF(J6<5000,"PASS","FLAG - Review Price"),"FAIL - Zero Price") -> PASS | Q6: =IF('Raw Catalog'!P4<>"","PASS","FAIL - No Image") -> PASS | R6: =IF(F6<>"","PASS","FAIL - No Brand") -> FAIL - No Brand | S6: =IF(K6="","FAIL - No Date",IF(TODAY()-DATEVALUE(K6)<=180,"PASS","FLAG - Stale >180d")) -> FLAG - Stale >180d | T6: =COUNTIF(M6:S6,"FAIL*")+COUNTIF(M6:S6,"FLAG*") -> 2 | U6: =IF(T6=0,"CLEAN",IF(T6=1,"MINOR",IF(T6<=3,"MODERATE","CRITICAL"))) -> MODERATE | V6: =IF(U6="CLEAN","None",IF(U6="MINOR","Seller Notify",IF(U6="MODERATE","Listing Suspended","Immediate Removal"))) -> Listing Suspended
A7: 4 | B7: BB-MKT-00087 | C7: S006 | D7: NextGen Devices | E7: TVs | F7: Hisense | G7: 551496545441 | H7: 0551496545441 | I7: Hisense 75" 1080p Full HD Smart TV QLED 4K | J7: 3504.35 | K7: 2024-11-25 | M7: =IF(G7<>"","PASS","FAIL - Missing UPC") -> PASS | N7: =IF(AND(G7<>"",H7<>""),IF("0"&G7=H7,"PASS","FAIL - GTIN Mismatch"),"SKIP") -> PASS | O7: =IF(I7="","FAIL - No Title",IF(LEN(I7)<=126,"PASS","FAIL - Title >"&126&" chars")) -> PASS | P7: =IF(J7>0,IF(J7<5000,"PASS","FLAG - Review Price"),"FAIL - Zero Price") -> PASS | Q7: =IF('Raw Catalog'!P5<>"","PASS","FAIL - No Image") -> PASS | R7: =IF(F7<>"","PASS","FAIL - No Brand") -> PASS | S7: =IF(K7="","FAIL - No Date",IF(TODAY()-DATEVALUE(K7)<=180,"PASS","FLAG - Stale >180d")) -> FLAG - Stale >180d | T7: =COUNTIF(M7:S7,"FAIL*")+COUNTIF(M7:S7,"FLAG*") -> 1 | U7: =IF(T7=0,"CLEAN",IF(T7=1,"MINOR",IF(T7<=3,"MODERATE","CRITICAL"))) -> MINOR | V7: =IF(U7="CLEAN","None",IF(U7="MINOR","Seller Notify",IF(U7="MODERATE","Listing Suspended","Immediate Removal"))) -> Seller Notify
A8: 5 | B8: BB-MKT-00309 | C8: S007 | D8: SmartBuy Co | E8: Smart Home | F8: Wyze | G8: 590556533399 | H8: 0590556533399 | I8: Wyze Ultra 2 Smart Home Device | J8: 109.17 | K8: 2024-09-12 | M8: =IF(G8<>"","PASS","FAIL - Missing UPC") -> PASS | N8: =IF(AND(G8<>"",H8<>""),IF("0"&G8=H8,"PASS","FAIL - GTIN Mismatch"),"SKIP") -> PASS | O8: =IF(I8="","FAIL - No Title",IF(LEN(I8)<=126,"PASS","FAIL - Title >"&126&" chars")) -> PASS | P8: =IF(J8>0,IF(J8<5000,"PASS","FLAG - Review Price"),"FAIL - Zero Price") -> PASS | Q8: =IF('Raw Catalog'!P6<>"","PASS","FAIL - No Image") -> PASS | R8: =IF(F8<>"","PASS","FAIL - No Brand") -> PASS | S8: =IF(K8="","FAIL - No Date",IF(TODAY()-DATEVALUE(K8)<=180,"PASS","FLAG - Stale >180d")) -> FLAG - Stale >180d | T8: =COUNTIF(M8:S8,"FAIL*")+COUNTIF(M8:S8,"FLAG*") -> 1 | U8: =IF(T8=0,"CLEAN",IF(T8=1,"MINOR",IF(T8<=3,"MODERATE","CRITICAL"))) -> MINOR | V8: =IF(U8="CLEAN","None",IF(U8="MINOR","Seller Notify",IF(U8="MODERATE","Listing Suspended","Immediate Removal"))) -> Seller Notify
A9: 6 | B9: BB-MKT-00030 | C9: S002 | D9: EliteGadgets Inc | E9: Tablets | F9: Amazon | G9: 691874457344 | H9: 0691874457344 | I9: Amazon Galaxy Tab S9 8" 256GB Tablet | J9: 644.99 | K9: 2024-12-17 | M9: =IF(G9<>"","PASS","FAIL - Missing UPC") -> PASS | N9: =IF(AND(G9<>"",H9<>""),IF("0"&G9=H9,"PASS","FAIL - GTIN Mismatch"),"SKIP") -> PASS | O9: =IF(I9="","FAIL - No Title",IF(LEN(I9)<=126,"PASS","FAIL - Title >"&126&" chars")) -> PASS | P9: =IF(J9>0,IF(J9<5000,"PASS","FLAG - Review Price"),"FAIL - Zero Price") -> PASS | Q9: =IF('Raw Catalog'!P7<>"","PASS","FAIL - No Image") -> PASS | R9: =IF(F9<>"","PASS","FAIL - No Brand") -> PASS | S9: =IF(K9="","FAIL - No Date",IF(TODAY()-DATEVALUE(K9)<=180,"PASS","FLAG - Stale >180d")) -> FLAG - Stale >180d | T9: =COUNTIF(M9:S9,"FAIL*")+COUNTIF(M9:S9,"FLAG*") -> 1 | U9: =IF(T9=0,"CLEAN",IF(T9=1,"MINOR",IF(T9<=3,"MODERATE","CRITICAL"))) -> MINOR | V9: =IF(U9="CLEAN","None",IF(U9="MINOR","Seller Notify",IF(U9="MODERATE","Listing Suspended","Immediate Removal"))) -> Seller Notify
A10: 7 | B10: BB-MKT-00798 | C10: S001 | D10: TechDirect LLC | E10: Laptops | F10: Lenovo | G10: 119167254787 | H10: 0119167254787 | I10: Lenovo Aspire 5 14" Laptop - 32GB RAM 512GB SSD | J10: 1378.52 | K10: 2025-04-11 | M10: =IF(G10<>"","PASS","FAIL - Missing UPC") -> PASS | N10: =IF(AND(G10<>"",H10<>""),IF("0"&G10=H10,"PASS","FAIL - GTIN Mismatch"),"SKIP") -> PASS | O10: =IF(I10="","FAIL - No Title",IF(LEN(I10)<=126,"PASS","FAIL - Title >"&126&" chars")) -> PASS | P10: =IF(J10>0,IF(J10<5000,"PASS","FLAG - Review Price"),"FAIL - Zero Price") -> PASS | Q10: =IF('Raw Catalog'!P8<>"","PASS","FAIL - No Image") -> PASS | R10: =IF(F10<>"","PASS","FAIL - No Brand") -> PASS | S10: =IF(K10="","FAIL - No Date",IF(TODAY()-DATEVALUE(K10)<=180,"PASS","FLAG - Stale >180d")) -> FLAG - Stale >180d | T10: =COUNTIF(M10:S10,"FAIL*")+COUNTIF(M10:S10,"FLAG*") -> 1 | U10: =IF(T10=0,"CLEAN",IF(T10=1,"MINOR",IF(T10<=3,"MODERATE","CRITICAL"))) -> MINOR | V10: =IF(U10="CLEAN","None",IF(U10="MINOR","Seller Notify",IF(U10="MODERATE","Listing Suspended","Immediate Removal"))) -> Seller Notify
A11: 8 | B11: BB-MKT-00019 | C11: S002 | D11: EliteGadgets Inc | E11: TVs | F11: Samsung | G11: 726594012825 | H11: 0726594012825 | I11: Samsung 43" 1080p Full HD Smart TV U8K | J11: 2571.68 | K11: 2025-04-16 | M11: =IF(G11<>"","PASS","FAIL - Missing UPC") -> PASS | N11: =IF(AND(G11<>"",H11<>""),IF("0"&G11=H11,"PASS","FAIL - GTIN Mismatch"),"SKIP") -> PASS | O11: =IF(I11="","FAIL - No Title",IF(LEN(I11)<=126,"PASS","FAIL - Title >"&126&" chars")) -> PASS | P11: =IF(J11>0,IF(J11<5000,"PASS","FLAG - Review Price"),"FAIL - Zero Price") -> PASS | Q11: =IF('Raw Catalog'!P9<>"","PASS","FAIL - No Image") -> PASS | R11: =IF(F11<>"","PASS","FAIL - No Brand") -> PASS | S11: =IF(K11="","FAIL - No Date",IF(TODAY()-DATEVALUE(K11)<=180,"PASS","FLAG - Stale >180d")) -> FLAG - Stale >180d | T11: =COUNTIF(M11:S11,"FAIL*")+COUNTIF(M11:S11,"FLAG*") -> 1 | U11: =IF(T11=0,"CLEAN",IF(T11=1,"MINOR",IF(T11<=3,"MODERATE","CRITICAL"))) -> MINOR | V11: =IF(U11="CLEAN","None",IF(U11="MINOR","Seller Notify",IF(U11="MODERATE","Listing Suspended","Immediate Removal"))) -> Seller Notify
A12: 9 | B12: BB-MKT-00326 | C12: S001 | D12: TechDirect LLC | E12: Smart Home | F12: Amazon | G12: 642520584597 | H12: 0642520584597 | I12: Amazon Hue Starter Kit Smart Home Device | J12: 114.95 | K12: 2024-11-21 | M12: =IF(G12<>"","PASS","FAIL - Missing UPC") -> PASS | N12: =IF(AND(G12<>"",H12<>""),IF("0"&G12=H12,"PASS","FAIL - GTIN Mismatch"),"SKIP") -> PASS | O12: =IF(I12="","FAIL - No Title",IF(LEN(I12)<=126,"PASS","FAIL - Title >"&126&" chars")) -> PASS | P12: =IF(J12>0,IF(J12<5000,"PASS","FLAG - Review Price"),"FAIL - Zero Price") -> PASS | Q12: =IF('Raw Catalog'!P10<>"","PASS","FAIL - No Image") -> PASS | R12: =IF(F12<>"","PASS","FAIL - No Brand") -> PASS | S12: =IF(K12="","FAIL - No Date",IF(TODAY()-DATEVALUE(K12)<=180,"PASS","FLAG - Stale >180d")) -> FLAG - Stale >180d | T12: =COUNTIF(M12:S12,"FAIL*")+COUNTIF(M12:S12,"FLAG*") -> 1 | U12: =IF(T12=0,"CLEAN",IF(T12=1,"MINOR",IF(T12<=3,"MODERATE","CRITICAL"))) -> MINOR | V12: =IF(U12="CLEAN","None",IF(U12="MINOR","Seller Notify",IF(U12="MODERATE","Listing Suspended","Immediate Removal"))) -> Seller Notify
A13: 10 | B13: BB-MKT-00903 | C13: S003 | D13: PrimeElectronics | E13: Headphones | F13: Bose | G13: 274644497411 | H13: 0274644497411 | I13: Bose QuietComfort 45 On-ear Wireless Headphones | J13: 368.82 | K13: 2024-11-15 | M13: =IF(G13<>"","PASS","FAIL - Missing UPC") -> PASS | N13: =IF(AND(G13<>"",H13<>""),IF("0"&G13=H13,"PASS","FAIL - GTIN Mismatch"),"SKIP") -> PASS | O13: =IF(I13="","FAIL - No Title",IF(LEN(I13)<=126,"PASS","FAIL - Title >"&126&" chars")) -> PASS | P13: =IF(J13>0,IF(J13<5000,"PASS","FLAG - Review Price"),"FAIL - Zero Price") -> PASS | Q13: =IF('Raw Catalog'!P11<>"","PASS","FAIL - No Image") -> PASS | R13: =IF(F13<>"","PASS","FAIL - No Brand") -> PASS | S13: =IF(K13="","FAIL - No Date",IF(TODAY()-DATEVALUE(K13)<=180,"PASS","FLAG - Stale >180d")) -> FLAG - Stale >180d | T13: =COUNTIF(M13:S13,"FAIL*")+COUNTIF(M13:S13,"FLAG*") -> 1 | U13: =IF(T13=0,"CLEAN",IF(T13=1,"MINOR",IF(T13<=3,"MODERATE","CRITICAL"))) -> MINOR | V13: =IF(U13="CLEAN","None",IF(U13="MINOR","Seller Notify",IF(U13="MODERATE","Listing Suspended","Immediate Removal"))) -> Seller Notify
A14: 11 | B14: BB-MKT-00900 | C14: S005 | D14: ConnectPro Sales | E14: Headphones | F14: Apple | G14: 717091634913 | H14: 0717091634913 | I14: Apple Studio Pro In-ear Wireless Headphones | J14: 354.48 | K14: 2024-10-02 | M14: =IF(G14<>"","PASS","FAIL - Missing UPC") -> PASS | N14: =IF(AND(G14<>"",H14<>""),IF("0"&G14=H14,"PASS","FAIL - GTIN Mismatch"),"SKIP") -> PASS | O14: =IF(I14="","FAIL - No Title",IF(LEN(I14)<=126,"PASS","FAIL - Title >"&126&" chars")) -> PASS | P14: =IF(J14>0,IF(J14<5000,"PASS","FLAG - Review Price"),"FAIL - Zero Price") -> PASS | Q14: =IF('Raw Catalog'!P12<>"","PASS","FAIL - No Image") -> PASS | R14: =IF(F14<>"","PASS","FAIL - No Brand") -> PASS | S14: =IF(K14="","FAIL - No Date",IF(TODAY()-DATEVALUE(K14)<=180,"PASS","FLAG - Stale >180d")) -> FLAG - Stale >180d | T14: =COUNTIF(M14:S14,"FAIL*")+COUNTIF(M14:S14,"FLAG*") -> 1 | U14: =IF(T14=0,"CLEAN",IF(T14=1,"MINOR",IF(T14<=3,"MODERATE","CRITICAL"))) -> MINOR | V14: =IF(U14="CLEAN","None",IF(U14="MINOR","Seller Notify",IF(U14="MODERATE","Listing Suspended","Immediate Removal"))) -> Seller Notify
A15: 12 | B15: BB-MKT-00826 | C15: S005 | D15: ConnectPro Sales | E15: TVs | F15: Sony | G15: 929014709335 | H15: 0929014709335 | I15: Sony 65" 4K UHD Smart TV Bravia XR | J15: 2129.62 | K15: 2024-09-19 | M15: =IF(G15<>"","PASS","FAIL - Missing UPC") -> PASS | N15: =IF(AND(G15<>"",H15<>""),IF("0"&G15=H15,"PASS","FAIL - GTIN Mismatch"),"SKIP") -> PASS | O15: =IF(I15="","FAIL - No Title",IF(LEN(I15)<=126,"PASS","FAIL - Title >"&126&" chars")) -> PASS | P15: =IF(J15>0,IF(J15<5000,"PASS","FLAG - Review Price"),"FAIL - Zero Price") -> PASS | Q15: =IF('Raw Catalog'!P13<>"","PASS","FAIL - No Image") -> PASS | R15: =IF(F15<>"","PASS","FAIL - No Brand") -> PASS | S15: =IF(K15="","FAIL - No Date",IF(TODAY()-DATEVALUE(K15)<=180,"PASS","FLAG - Stale >180d")) -> FLAG - Stale >180d | T15: =COUNTIF(M15:S15,"FAIL*")+COUNTIF(M15:S15,"FLAG*") -> 1 | U15: =IF(T15=0,"CLEAN",IF(T15=1,"MINOR",IF(T15<=3,"MODERATE","CRITICAL"))) -> MINOR | V15: =IF(U15="CLEAN","None",IF(U15="MINOR","Seller Notify",IF(U15="MODERATE","Listing Suspended","Immediate Removal"))) -> Seller Notify
A16: 13 | B16: BB-MKT-00633 | C16: S006 | D16: NextGen Devices | E16: Laptops | F16: Dell | G16: 235729166419 | H16: 0235729166419 | I16: Dell VivoBook 16 14" Laptop - 64GB RAM 1024GB SSD | J16: 2396.23 | K16: 2025-01-05 | M16: =IF(G16<>"","PASS","FAIL - Missing UPC") -> PASS | N16: =IF(AND(G16<>"",H16<>""),IF("0"&G16=H16,"PASS","FAIL - GTIN Mismatch"),"SKIP") -> PASS | O16: =IF(I16="","FAIL - No Title",IF(LEN(I16)<=126,"PASS","FAIL - Title >"&126&" chars")) -> PASS | P16: =IF(J16>0,IF(J16<5000,"PASS","FLAG - Review Price"),"FAIL - Zero Price") -> PASS | Q16: =IF('Raw Catalog'!P14<>"","PASS","FAIL - No Image") -> PASS | R16: =IF(F16<>"","PASS","FAIL - No Brand") -> PASS | S16: =IF(K16="","FAIL - No Date",IF(TODAY()-DATEVALUE(K16)<=180,"PASS","FLAG - Stale >180d")) -> FLAG - Stale >180d | T16: =COUNTIF(M16:S16,"FAIL*")+COUNTIF(M16:S16,"FLAG*") -> 1 | U16: =IF(T16=0,"CLEAN",IF(T16=1,"MINOR",IF(T16<=3,"MODERATE","CRITICAL"))) -> MINOR | V16: =IF(U16="CLEAN","None",IF(U16="MINOR","Seller Notify",IF(U16="MODERATE","Listing Suspended","Immediate Removal"))) -> Seller Notify
A17: 14 | B17: BB-MKT-00757 | C17: S008 | D17: DigitalHub USA | E17: Headphones | F17: Apple | G17: 670764098449 | H17: 0670764098449 | I17: Apple Tour One Over-ear Wired Headphones | J17: 169.37 | K17: 2024-07-11 | M17: =IF(G17<>"","PASS","FAIL - Missing UPC") -> PASS | N17: =IF(AND(G17<>"",H17<>""),IF("0"&G17=H17,"PASS","FAIL - GTIN Mismatch"),"SKIP") -> PASS | O17: =IF(I17="","FAIL - No Title",IF(LEN(I17)<=126,"PASS","FAIL - Title >"&126&" chars")) -> PASS | P17: =IF(J17>0,IF(J17<5000,"PASS","FLAG - Review Price"),"FAIL - Zero Price") -> PASS | Q17: =IF('Raw Catalog'!P15<>"","PASS","FAIL - No Image") -> PASS | R17: =IF(F17<>"","PASS","FAIL - No Brand") -> PASS | S17: =IF(K17="","FAIL - No Date",IF(TODAY()-DATEVALUE(K17)<=180,"PASS","FLAG - Stale >180d")) -> FLAG - Stale >180d | T17: =COUNTIF(M17:S17,"FAIL*")+COUNTIF(M17:S17,"FLAG*") -> 1 | U17: =IF(T17=0,"CLEAN",IF(T17=1,"MINOR",IF(T17<=3,"MODERATE","CRITICAL"))) -> MINOR | V17: =IF(U17="CLEAN","None",IF(U17="MINOR","Seller Notify",IF(U17="MODERATE","Listing Suspended","Immediate Removal"))) -> Seller Notify
A18: 15 | B18: BB-MKT-00086 | C18: S008 | D18: DigitalHub USA | E18: Tablets | F18: Lenovo | G18: 852274855980 | H18: 0852274855980 | I18: Lenovo iPad Pro 12.9 12.4" 256GB Tablet | J18: 253.91 | K18: 2024-08-19 | M18: =IF(G18<>"","PASS","FAIL - Missing UPC") -> PASS | N18: =IF(AND(G18<>"",H18<>""),IF("0"&G18=H18,"PASS","FAIL - GTIN Mismatch"),"SKIP") -> PASS | O18: =IF(I18="","FAIL - No Title",IF(LEN(I18)<=126,"PASS","FAIL - Title >"&126&" chars")) -> PASS | P18: =IF(J18>0,IF(J18<5000,"PASS","FLAG - Review Price"),"FAIL - Zero Price") -> PASS | Q18: =IF('Raw Catalog'!P16<>"","PASS","FAIL - No Image") -> PASS | R18: =IF(F18<>"","PASS","FAIL - No Brand") -> PASS | S18: =IF(K18="","FAIL - No Date",IF(TODAY()-DATEVALUE(K18)<=180,"PASS","FLAG - Stale >180d")) -> FLAG - Stale >180d | T18: =COUNTIF(M18:S18,"FAIL*")+COUNTIF(M18:S18,"FLAG*") -> 1 | U18: =IF(T18=0,"CLEAN",IF(T18=1,"MINOR",IF(T18<=3,"MODERATE","CRITICAL"))) -> MINOR | V18: =IF(U18="CLEAN","None",IF(U18="MINOR","Seller Notify",IF(U18="MODERATE","Listing Suspended","Immediate Removal"))) -> Seller Notify
A19: 16 | B19: BB-MKT-00189 | C19: S003 | D19: PrimeElectronics | E19: Smart Home | F19: Nest | G19: 633373750765 | H19: 0633373750765 | I19: Nest Learning Thermostat Smart Home Device | J19: 289.81 | K19: 2024-10-04 | M19: =IF(G19<>"","PASS","FAIL - Missing UPC") -> PASS | N19: =IF(AND(G19<>"",H19<>""),IF("0"&G19=H19,"PASS","FAIL - GTIN Mismatch"),"SKIP") -> PASS | O19: =IF(I19="","FAIL - No Title",IF(LEN(I19)<=126,"PASS","FAIL - Title >"&126&" chars")) -> PASS | P19: =IF(J19>0,IF(J19<5000,"PASS","FLAG - Review Price"),"FAIL - Zero Price") -> PASS | Q19: =IF('Raw Catalog'!P17<>"","PASS","FAIL - No Image") -> PASS | R19: =IF(F19<>"","PASS","FAIL - No Brand") -> PASS | S19: =IF(K19="","FAIL - No Date",IF(TODAY()-DATEVALUE(K19)<=180,"PASS","FLAG - Stale >180d")) -> FLAG - Stale >180d | T19: =COUNTIF(M19:S19,"FAIL*")+COUNTIF(M19:S19,"FLAG*") -> 1 | U19: =IF(T19=0,"CLEAN",IF(T19=1,"MINOR",IF(T19<=3,"MODERATE","CRITICAL"))) -> MINOR | V19: =IF(U19="CLEAN","None",IF(U19="MINOR","Seller Notify",IF(U19="MODERATE","Listing Suspended","Immediate Removal"))) -> Seller Notify
A20: 17 | B20: BB-MKT-00407 | C20: S003 | D20: PrimeElectronics | E20: Tablets | F20: Lenovo | G20: 965724580023 | H20: 0466172926771 | I20: Lenovo iPad Pro 12.9 10.1" 256GB Tablet | J20: 348.05 | K20: 2025-04-20 | L20: GTIN_UPC_MISMATCH | M20: =IF(G20<>"","PASS","FAIL - Missing UPC") -> PASS | N20: =IF(AND(G20<>"",H20<>""),IF("0"&G20=H20,"PASS","FAIL - GTIN Mismatch"),"SKIP") -> FAIL - GTIN Mismatch | O20: =IF(I20="","FAIL - No Title",IF(LEN(I20)<=126,"PASS","FAIL - Title >"&126&" chars")) -> PASS | P20: =IF(J20>0,IF(J20<5000,"PASS","FLAG - Review Price"),"FAIL - Zero Price") -> PASS | Q20: =IF('Raw Catalog'!P18<>"","PASS","FAIL - No Image") -> PASS | R20: =IF(F20<>"","PASS","FAIL - No Brand") -> PASS | S20: =IF(K20="","FAIL - No Date",IF(TODAY()-DATEVALUE(K20)<=180,"PASS","FLAG - Stale >180d")) -> FLAG - Stale >180d | T20: =COUNTIF(M20:S20,"FAIL*")+COUNTIF(M20:S20,"FLAG*") -> 2 | U20: =IF(T20=0,"CLEAN",IF(T20=1,"MINOR",IF(T20<=3,"MODERATE","CRITICAL"))) -> MODERATE | V20: =IF(U20="CLEAN","None",IF(U20="MINOR","Seller Notify",IF(U20="MODERATE","Listing Suspended","Immediate Removal"))) -> Listing Suspended
A21: 18 | B21: BB-MKT-00004 | C21: S002 | D21: EliteGadgets Inc | E21: Smart Home | F21: Ring | G21: 147543377362 | H21: 0147543377362 | I21: Ring Hue Starter Kit Smart Home Device | J21: 492.05 | K21: 2024-08-21 | M21: =IF(G21<>"","PASS","FAIL - Missing UPC") -> PASS | N21: =IF(AND(G21<>"",H21<>""),IF("0"&G21=H21,"PASS","FAIL - GTIN Mismatch"),"SKIP") -> PASS | O21: =IF(I21="","FAIL - No Title",IF(LEN(I21)<=126,"PASS","FAIL - Title >"&126&" chars")) -> PASS | P21: =IF(J21>0,IF(J21<5000,"PASS","FLAG - Review Price"),"FAIL - Zero Price") -> PASS | Q21: =IF('Raw Catalog'!P19<>"","PASS","FAIL - No Image") -> PASS | R21: =IF(F21<>"","PASS","FAIL - No Brand") -> PASS | S21: =IF(K21="","FAIL - No Date",IF(TODAY()-DATEVALUE(K21)<=180,"PASS","FLAG - Stale >180d")) -> FLAG - Stale >180d | T21: =COUNTIF(M21:S21,"FAIL*")+COUNTIF(M21:S21,"FLAG*") -> 1 | U21: =IF(T21=0,"CLEAN",IF(T21=1,"MINOR",IF(T21<=3,"MODERATE","CRITICAL"))) -> MINOR | V21: =IF(U21="CLEAN","None",IF(U21="MINOR","Seller Notify",IF(U21="MODERATE","Listing Suspended","Immediate Removal"))) -> Seller Notify
A22: 19 | B22: BB-MKT-00729 | C22: S004 | D22: ValueTech Store | E22: Headphones | F22: Bose | G22: 158666065098 | H22: 0158666065098 | I22: Bose Momentum 4 Over-ear Both Headphones | J22: 515.19 | K22: 2025-04-23 | M22: =IF(G22<>"","PASS","FAIL - Missing UPC") -> PASS | N22: =IF(AND(G22<>"",H22<>""),IF("0"&G22=H22,"PASS","FAIL - GTIN Mismatch"),"SKIP") -> PASS | O22: =IF(I22="","FAIL - No Title",IF(LEN(I22)<=126,"PASS","FAIL - Title >"&126&" chars")) -> PASS | P22: =IF(J22>0,IF(J22<5000,"PASS","FLAG - Review Price"),"FAIL - Zero Price") -> PASS | Q22: =IF('Raw Catalog'!P20<>"","PASS","FAIL - No Image") -> PASS | R22: =IF(F22<>"","PASS","FAIL - No Brand") -> PASS | S22: =IF(K22="","FAIL - No Date",IF(TODAY()-DATEVALUE(K22)<=180,"PASS","FLAG - Stale >180d")) -> FLAG - Stale >180d | T22: =COUNTIF(M22:S22,"FAIL*")+COUNTIF(M22:S22,"FLAG*") -> 1 | U22: =IF(T22=0,"CLEAN",IF(T22=1,"MINOR",IF(T22<=3,"MODERATE","CRITICAL"))) -> MINOR | V22: =IF(U22="CLEAN","None",IF(U22="MINOR","Seller Notify",IF(U22="MODERATE","Listing Suspended","Immediate Removal"))) -> Seller Notify
A23: 20 | B23: BB-MKT-00319 | C23: S008 | D23: DigitalHub USA | E23: Tablets | F23: Apple | H23: 0669128469380 | I23: Apple Galaxy Tab S9 10.1" 256GB Tablet | J23: 924.13 | K23: 2024-07-01 | L23: MISSING_UPC | M23: =IF(G23<>"","PASS","FAIL - Missing UPC") -> FAIL - Missing UPC | N23: =IF(AND(G23<>"",H23<>""),IF("0"&G23=H23,"PASS","FAIL - GTIN Mismatch"),"SKIP") -> SKIP | O23: =IF(I23="","FAIL - No Title",IF(LEN(I23)<=126,"PASS","FAIL - Title >"&126&" chars")) -> PASS | P23: =IF(J23>0,IF(J23<5000,"PASS","FLAG - Review Price"),"FAIL - Zero Price") -> PASS | Q23: =IF('Raw Catalog'!P21<>"","PASS","FAIL - No Image") -> PASS | R23: =IF(F23<>"","PASS","FAIL - No Brand") -> PASS | S23: =IF(K23="","FAIL - No Date",IF(TODAY()-DATEVALUE(K23)<=180,"PASS","FLAG - Stale >180d")) -> FLAG - Stale >180d | T23: =COUNTIF(M23:S23,"FAIL*")+COUNTIF(M23:S23,"FLAG*") -> 2 | U23: =IF(T23=0,"CLEAN",IF(T23=1,"MINOR",IF(T23<=3,"MODERATE","CRITICAL"))) -> MODERATE | V23: =IF(U23="CLEAN","None",IF(U23="MINOR","Seller Notify",IF(U23="MODERATE","Listing Suspended","Immediate Removal"))) -> Listing Suspended
A24: 21 | B24: BB-MKT-00247 | C24: S002 | D24: EliteGadgets Inc | E24: Smart Home | F24: Nest | G24: 370830447947 | H24: 0370830447947 | I24: Nest Nest Hub Max Smart Home Device | J24: 48.28 | K24: 2024-11-18 | L24: DUPLICATE_SKU | M24: =IF(G24<>"","PASS","FAIL - Missing UPC") -> PASS | N24: =IF(AND(G24<>"",H24<>""),IF("0"&G24=H24,"PASS","FAIL - GTIN Mismatch"),"SKIP") -> PASS | O24: =IF(I24="","FAIL - No Title",IF(LEN(I24)<=126,"PASS","FAIL - Title >"&126&" chars")) -> PASS | P24: =IF(J24>0,IF(J24<5000,"PASS","FLAG - Review Price"),"FAIL - Zero Price") -> PASS | Q24: =IF('Raw Catalog'!P22<>"","PASS","FAIL - No Image") -> PASS | R24: =IF(F24<>"","PASS","FAIL - No Brand") -> PASS | S24: =IF(K24="","FAIL - No Date",IF(TODAY()-DATEVALUE(K24)<=180,"PASS","FLAG - Stale >180d")) -> FLAG - Stale >180d | T24: =COUNTIF(M24:S24,"FAIL*")+COUNTIF(M24:S24,"FLAG*") -> 1 | U24: =IF(T24=0,"CLEAN",IF(T24=1,"MINOR",IF(T24<=3,"MODERATE","CRITICAL"))) -> MINOR | V24: =IF(U24="CLEAN","None",IF(U24="MINOR","Seller Notify",IF(U24="MODERATE","Listing Suspended","Immediate Removal"))) -> Seller Notify
A25: 22 | B25: BB-MKT-00230 | C25: S002 | D25: EliteGadgets Inc | E25: Headphones | F25: Apple | G25: 450680559005 | H25: 0450680559005 | I25: Apple AirPods Max Over-ear Wireless Headphones | J25: 145.08 | K25: 2025-01-10 | M25: =IF(G25<>"","PASS","FAIL - Missing UPC") -> PASS | N25: =IF(AND(G25<>"",H25<>""),IF("0"&G25=H25,"PASS","FAIL - GTIN Mismatch"),"SKIP") -> PASS | O25: =IF(I25="","FAIL - No Title",IF(LEN(I25)<=126,"PASS","FAIL - Title >"&126&" chars")) -> PASS | P25: =IF(J25>0,IF(J25<5000,"PASS","FLAG - Review Price"),"FAIL - Zero Price") -> PASS | Q25: =IF('Raw Catalog'!P23<>"","PASS","FAIL - No Image") -> PASS | R25: =IF(F25<>"","PASS","FAIL - No Brand") -> PASS | S25: =IF(K25="","FAIL - No Date",IF(TODAY()-DATEVALUE(K25)<=180,"PASS","FLAG - Stale >180d")) -> FLAG - Stale >180d | T25: =COUNTIF(M25:S25,"FAIL*")+COUNTIF(M25:S25,"FLAG*") -> 1 | U25: =IF(T25=0,"CLEAN",IF(T25=1,"MINOR",IF(T25<=3,"MODERATE","CRITICAL"))) -> MINOR | V25: =IF(U25="CLEAN","None",IF(U25="MINOR","Seller Notify",IF(U25="MODERATE","Listing Suspended","Immediate Removal"))) -> Seller Notify
A26: 23 | B26: BB-MKT-00185 | C26: S001 | D26: TechDirect LLC | E26: Headphones | F26: Jabra | G26: 706339659651 | H26: 0706339659651 | I26: Jabra WH-1000XM5 In-ear Wireless Headphones | J26: 320.12 | K26: 2025-01-24 | M26: =IF(G26<>"","PASS","FAIL - Missing UPC") -> PASS | N26: =IF(AND(G26<>"",H26<>""),IF("0"&G26=H26,"PASS","FAIL - GTIN Mismatch"),"SKIP") -> PASS | O26: =IF(I26="","FAIL - No Title",IF(LEN(I26)<=126,"PASS","FAIL - Title >"&126&" chars")) -> PASS | P26: =IF(J26>0,IF(J26<5000,"PASS","FLAG - Review Price"),"FAIL - Zero Price") -> PASS | Q26: =IF('Raw Catalog'!P24<>"","PASS","FAIL - No Image") -> PASS | R26: =IF(F26<>"","PASS","FAIL - No Brand") -> PASS | S26: =IF(K26="","FAIL - No Date",IF(TODAY()-DATEVALUE(K26)<=180,"PASS","FLAG - Stale >180d")) -> FLAG - Stale >180d | T26: =COUNTIF(M26:S26,"FAIL*")+COUNTIF(M26:S26,"FLAG*") -> 1 | U26: =IF(T26=0,"CLEAN",IF(T26=1,"MINOR",IF(T26<=3,"MODERATE","CRITICAL"))) -> MINOR | V26: =IF(U26="CLEAN","None",IF(U26="MINOR","Seller Notify",IF(U26="MODERATE","Listing Suspended","Immediate Removal"))) -> Seller Notify
A27: 24 | B27: BB-MKT-00359 | C27: S001 | D27: TechDirect LLC | E27: Headphones | F27: Sennheiser | G27: 332881230114 | H27: 0332881230114 | I27: Sennheiser WH-1000XM5 In-ear Wireless Headphones | J27: 430.19 | K27: 2024-11-19 | M27: =IF(G27<>"","PASS","FAIL - Missing UPC") -> PASS | N27: =IF(AND(G27<>"",H27<>""),IF("0"&G27=H27,"PASS","FAIL - GTIN Mismatch"),"SKIP") -> PASS | O27: =IF(I27="","FAIL - No Title",IF(LEN(I27)<=126,"PASS","FAIL - Title >"&126&" chars")) -> PASS | P27: =IF(J27>0,IF(J27<5000,"PASS","FLAG - Review Price"),"FAIL - Zero Price") -> PASS | Q27: =IF('Raw Catalog'!P25<>"","PASS","FAIL - No Image") -> PASS | R27: =IF(F27<>"","PASS","FAIL - No Brand") -> PASS | S27: =IF(K27="","FAIL - No Date",IF(TODAY()-DATEVALUE(K27)<=180,"PASS","FLAG - Stale >180d")) -> FLAG - Stale >180d | T27: =COUNTIF(M27:S27,"FAIL*")+COUNTIF(M27:S27,"FLAG*") -> 1 | U27: =IF(T27=0,"CLEAN",IF(T27=1,"MINOR",IF(T27<=3,"MODERATE","CRITICAL"))) -> MINOR | V27: =IF(U27="CLEAN","None",IF(U27="MINOR","Seller Notify",IF(U27="MODERATE","Listing Suspended","Immediate Removal"))) -> Seller Notify
A28: 25 | B28: BB-MKT-00513 | C28: S001 | D28: TechDirect LLC | E28: Headphones | F28: Sennheiser | G28: 718012404580 | H28: 0718012404580 | I28: Sennheiser Momentum 4 On-ear Wired Headphones | J28: 164.35 | K28: 2023-11-30 | L28: STALE_LISTING | M28: =IF(G28<>"","PASS","FAIL - Missing UPC") -> PASS | N28: =IF(AND(G28<>"",H28<>""),IF("0"&G28=H28,"PASS","FAIL - GTIN Mismatch"),"SKIP") -> PASS | O28: =IF(I28="","FAIL - No Title",IF(LEN(I28)<=126,"PASS","FAIL - Title >"&126&" chars")) -> PASS | P28: =IF(J28>0,IF(J28<5000,"PASS","FLAG - Review Price"),"FAIL - Zero Price") -> PASS | Q28: =IF('Raw Catalog'!P26<>"","PASS","FAIL - No Image") -> PASS | R28: =IF(F28<>"","PASS","FAIL - No Brand") -> PASS | S28: =IF(K28="","FAIL - No Date",IF(TODAY()-DATEVALUE(K28)<=180,"PASS","FLAG - Stale >180d")) -> FLAG - Stale >180d | T28: =COUNTIF(M28:S28,"FAIL*")+COUNTIF(M28:S28,"FLAG*") -> 1 | U28: =IF(T28=0,"CLEAN",IF(T28=1,"MINOR",IF(T28<=3,"MODERATE","CRITICAL"))) -> MINOR | V28: =IF(U28="CLEAN","None",IF(U28="MINOR","Seller Notify",IF(U28="MODERATE","Listing Suspended","Immediate Removal"))) -> Seller Notify
A29: 26 | B29: BB-MKT-00453 | C29: S004 | D29: ValueTech Store | E29: TVs | F29: Sony | G29: 168953380650 | H29: 0168953380650 | I29: Sony 55" 1080p Full HD Smart TV Bravia XR | J29: 1945.54 | K29: 2024-09-01 | M29: =IF(G29<>"","PASS","FAIL - Missing UPC") -> PASS | N29: =IF(AND(G29<>"",H29<>""),IF("0"&G29=H29,"PASS","FAIL - GTIN Mismatch"),"SKIP") -> PASS | O29: =IF(I29="","FAIL - No Title",IF(LEN(I29)<=126,"PASS","FAIL - Title >"&126&" chars")) -> PASS | P29: =IF(J29>0,IF(J29<5000,"PASS","FLAG - Review Price"),"FAIL - Zero Price") -> PASS | Q29: =IF('Raw Catalog'!P27<>"","PASS","FAIL - No Image") -> PASS | R29: =IF(F29<>"","PASS","FAIL - No Brand") -> PASS | S29: =IF(K29="","FAIL - No Date",IF(TODAY()-DATEVALUE(K29)<=180,"PASS","FLAG - Stale >180d")) -> FLAG - Stale >180d | T29: =COUNTIF(M29:S29,"FAIL*")+COUNTIF(M29:S29,"FLAG*") -> 1 | U29: =IF(T29=0,"CLEAN",IF(T29=1,"MINOR",IF(T29<=3,"MODERATE","CRITICAL"))) -> MINOR | V29: =IF(U29="CLEAN","None",IF(U29="MINOR","Seller Notify",IF(U29="MODERATE","Listing Suspended","Immediate Removal"))) -> Seller Notify
A30: 27 | B30: BB-MKT-00845 | C30: S007 | D30: SmartBuy Co | E30: Headphones | F30: Bose | G30: 312712561451 | H30: 0312712561451 | I30: Bose Evolve2 85 Over-ear Wireless Headphones | J30: 3839.84 | K30: 2024-11-07 | L30: PRICE_ANOMALY | M30: =IF(G30<>"","PASS","FAIL - Missing UPC") -> PASS | N30: =IF(AND(G30<>"",H30<>""),IF("0"&G30=H30,"PASS","FAIL - GTIN Mismatch"),"SKIP") -> PASS | O30: =IF(I30="","FAIL - No Title",IF(LEN(I30)<=126,"PASS","FAIL - Title >"&126&" chars")) -> PASS | P30: =IF(J30>0,IF(J30<5000,"PASS","FLAG - Review Price"),"FAIL - Zero Price") -> PASS | Q30: =IF('Raw Catalog'!P28<>"","PASS","FAIL - No Image") -> PASS | R30: =IF(F30<>"","PASS","FAIL - No Brand") -> PASS | S30: =IF(K30="","FAIL - No Date",IF(TODAY()-DATEVALUE(K30)<=180,"PASS","FLAG - Stale >180d")) -> FLAG - Stale >180d | T30: =COUNTIF(M30:S30,"FAIL*")+COUNTIF(M30:S30,"FLAG*") -> 1 | U30: =IF(T30=0,"CLEAN",IF(T30=1,"MINOR",IF(T30<=3,"MODERATE","CRITICAL"))) -> MINOR | V30: =IF(U30="CLEAN","None",IF(U30="MINOR","Seller Notify",IF(U30="MODERATE","Listing Suspended","Immediate Removal"))) -> Seller Notify
A31: 28 | B31: BB-MKT-00932 | C31: S003 | D31: PrimeElectronics | E31: Headphones | F31: Apple | G31: 534576011084 | H31: 0534576011084 | I31: Apple Tour One On-ear Both Headphones | J31: 102.69 | K31: 2024-07-09 | M31: =IF(G31<>"","PASS","FAIL - Missing UPC") -> PASS | N31: =IF(AND(G31<>"",H31<>""),IF("0"&G31=H31,"PASS","FAIL - GTIN Mismatch"),"SKIP") -> PASS | O31: =IF(I31="","FAIL - No Title",IF(LEN(I31)<=126,"PASS","FAIL - Title >"&126&" chars")) -> PASS | P31: =IF(J31>0,IF(J31<5000,"PASS","FLAG - Review Price"),"FAIL - Zero Price") -> PASS | Q31: =IF('Raw Catalog'!P29<>"","PASS","FAIL - No Image") -> PASS | R31: =IF(F31<>"","PASS","FAIL - No Brand") -> PASS | S31: =IF(K31="","FAIL - No Date",IF(TODAY()-DATEVALUE(K31)<=180,"PASS","FLAG - Stale >180d")) -> FLAG - Stale >180d | T31: =COUNTIF(M31:S31,"FAIL*")+COUNTIF(M31:S31,"FLAG*") -> 1 | U31: =IF(T31=0,"CLEAN",IF(T31=1,"MINOR",IF(T31<=3,"MODERATE","CRITICAL"))) -> MINOR | V31: =IF(U31="CLEAN","None",IF(U31="MINOR","Seller Notify",IF(U31="MODERATE","Listing Suspended","Immediate Removal"))) -> Seller Notify
A32: 29 | B32: BB-MKT-00799 | C32: S004 | D32: ValueTech Store | E32: Tablets | F32: Apple | G32: 299460168950 | H32: 0299460168950 | I32: Apple Fire HD 10 11" 64GB Tablet | J32: 447.47 | K32: 2024-09-28 | M32: =IF(G32<>"","PASS","FAIL - Missing UPC") -> PASS | N32: =IF(AND(G32<>"",H32<>""),IF("0"&G32=H32,"PASS","FAIL - GTIN Mismatch"),"SKIP") -> PASS | O32: =IF(I32="","FAIL - No Title",IF(LEN(I32)<=126,"PASS","FAIL - Title >"&126&" chars")) -> PASS | P32: =IF(J32>0,IF(J32<5000,"PASS","FLAG - Review Price"),"FAIL - Zero Price") -> PASS | Q32: =IF('Raw Catalog'!P30<>"","PASS","FAIL - No Image") -> PASS | R32: =IF(F32<>"","PASS","FAIL - No Brand") -> PASS | S32: =IF(K32="","FAIL - No Date",IF(TODAY()-DATEVALUE(K32)<=180,"PASS","FLAG - Stale >180d")) -> FLAG - Stale >180d | T32: =COUNTIF(M32:S32,"FAIL*")+COUNTIF(M32:S32,"FLAG*") -> 1 | U32: =IF(T32=0,"CLEAN",IF(T32=1,"MINOR",IF(T32<=3,"MODERATE","CRITICAL"))) -> MINOR | V32: =IF(U32="CLEAN","None",IF(U32="MINOR","Seller Notify",IF(U32="MODERATE","Listing Suspended","Immediate Removal"))) -> Seller Notify
A33: 30 | B33: BB-MKT-00448 | C33: S001 | D33: TechDirect LLC | E33: Tablets | F33: Amazon | G33: 979651034336 | H33: 0979651034336 | I33: Amazon iPad Pro 12.9 12.9" 512GB Tablet | J33: 718.58 | K33: 2024-07-07 | M33: =IF(G33<>"","PASS","FAIL - Missing UPC") -> PASS | N33: =IF(AND(G33<>"",H33<>""),IF("0"&G33=H33,"PASS","FAIL - GTIN Mismatch"),"SKIP") -> PASS | O33: =IF(I33="","FAIL - No Title",IF(LEN(I33)<=126,"PASS","FAIL - Title >"&126&" chars")) -> PASS | P33: =IF(J33>0,IF(J33<5000,"PASS","FLAG - Review Price"),"FAIL - Zero Price") -> PASS | Q33: =IF('Raw Catalog'!P31<>"","PASS","FAIL - No Image") -> PASS | R33: =IF(F33<>"","PASS","FAIL - No Brand") -> PASS | S33: =IF(K33="","FAIL - No Date",IF(TODAY()-DATEVALUE(K33)<=180,"PASS","FLAG - Stale >180d")) -> FLAG - Stale >180d | T33: =COUNTIF(M33:S33,"FAIL*")+COUNTIF(M33:S33,"FLAG*") -> 1 | U33: =IF(T33=0,"CLEAN",IF(T33=1,"MINOR",IF(T33<=3,"MODERATE","CRITICAL"))) -> MINOR | V33: =IF(U33="CLEAN","None",IF(U33="MINOR","Seller Notify",IF(U33="MODERATE","Listing Suspended","Immediate Removal"))) -> Seller Notify
A34: 31 | B34: BB-MKT-00721 | C34: S007 | D34: SmartBuy Co | E34: Smart Home | F34: Philips | G34: 509861786750 | H34: 0509861786750 | I34: Philips Video Doorbell Pro 2 Smart Home Device | J34: 284.1 | K34: 2025-02-09 | M34: =IF(G34<>"","PASS","FAIL - Missing UPC") -> PASS | N34: =IF(AND(G34<>"",H34<>""),IF("0"&G34=H34,"PASS","FAIL - GTIN Mismatch"),"SKIP") -> PASS | O34: =IF(I34="","FAIL - No Title",IF(LEN(I34)<=126,"PASS","FAIL - Title >"&126&" chars")) -> PASS | P34: =IF(J34>0,IF(J34<5000,"PASS","FLAG - Review Price"),"FAIL - Zero Price") -> PASS | Q34: =IF('Raw Catalog'!P32<>"","PASS","FAIL - No Image") -> PASS | R34: =IF(F34<>"","PASS","FAIL - No Brand") -> PASS | S34: =IF(K34="","FAIL - No Date",IF(TODAY()-DATEVALUE(K34)<=180,"PASS","FLAG - Stale >180d")) -> FLAG - Stale >180d | T34: =COUNTIF(M34:S34,"FAIL*")+COUNTIF(M34:S34,"FLAG*") -> 1 | U34: =IF(T34=0,"CLEAN",IF(T34=1,"MINOR",IF(T34<=3,"MODERATE","CRITICAL"))) -> MINOR | V34: =IF(U34="CLEAN","None",IF(U34="MINOR","Seller Notify",IF(U34="MODERATE","Listing Suspended","Immediate Removal"))) -> Seller Notify
A35: 32 | B35: BB-MKT-00306 | C35: S005 | D35: ConnectPro Sales | E35: Tablets | F35: Samsung | G35: 631685415257 | H35: 0631685415257 | I35: Samsung Fire HD 10 11" 512GB Tablet | J35: 654.88 | K35: 2024-11-21 | M35: =IF(G35<>"","PASS","FAIL - Missing UPC") -> PASS | N35: =IF(AND(G35<>"",H35<>""),IF("0"&G35=H35,"PASS","FAIL - GTIN Mismatch"),"SKIP") -> PASS | O35: =IF(I35="","FAIL - No Title",IF(LEN(I35)<=126,"PASS","FAIL - Title >"&126&" chars")) -> PASS | P35: =IF(J35>0,IF(J35<5000,"PASS","FLAG - Review Price"),"FAIL - Zero Price") -> PASS | Q35: =IF('Raw Catalog'!P33<>"","PASS","FAIL - No Image") -> PASS | R35: =IF(F35<>"","PASS","FAIL - No Brand") -> PASS | S35: =IF(K35="","FAIL - No Date",IF(TODAY()-DATEVALUE(K35)<=180,"PASS","FLAG - Stale >180d")) -> FLAG - Stale >180d | T35: =COUNTIF(M35:S35,"FAIL*")+COUNTIF(M35:S35,"FLAG*") -> 1 | U35: =IF(T35=0,"CLEAN",IF(T35=1,"MINOR",IF(T35<=3,"MODERATE","CRITICAL"))) -> MINOR | V35: =IF(U35="CLEAN","None",IF(U35="MINOR","Seller Notify",IF(U35="MODERATE","Listing Suspended","Immediate Removal"))) -> Seller Notify
A36: 33 | B36: BB-MKT-00700 | C36: S003 | D36: PrimeElectronics | E36: Smart Home | F36: Google | G36: 707541577390 | H36: 0707541577390 | I36: Google Echo Show 10 Smart Home Device | J36: 362.4 | K36: 2023-12-06 | L36: STALE_LISTING | M36: =IF(G36<>"","PASS","FAIL - Missing UPC") -> PASS | N36: =IF(AND(G36<>"",H36<>""),IF("0"&G36=H36,"PASS","FAIL - GTIN Mismatch"),"SKIP") -> PASS | O36: =IF(I36="","FAIL - No Title",IF(LEN(I36)<=126,"PASS","FAIL - Title >"&126&" chars")) -> PASS | P36: =IF(J36>0,IF(J36<5000,"PASS","FLAG - Review Price"),"FAIL - Zero Price") -> PASS | Q36: =IF('Raw Catalog'!P34<>"","PASS","FAIL - No Image") -> PASS | R36: =IF(F36<>"","PASS","FAIL - No Brand") -> PASS | S36: =IF(K36="","FAIL - No Date",IF(TODAY()-DATEVALUE(K36)<=180,"PASS","FLAG - Stale >180d")) -> FLAG - Stale >180d | T36: =COUNTIF(M36:S36,"FAIL*")+COUNTIF(M36:S36,"FLAG*") -> 1 | U36: =IF(T36=0,"CLEAN",IF(T36=1,"MINOR",IF(T36<=3,"MODERATE","CRITICAL"))) -> MINOR | V36: =IF(U36="CLEAN","None",IF(U36="MINOR","Seller Notify",IF(U36="MODERATE","Listing Suspended","Immediate Removal"))) -> Seller Notify
A37: 34 | B37: BB-MKT-00246 | C37: S005 | D37: ConnectPro Sales | E37: Tablets | F37: Amazon | G37: 635758278399 | H37: 0635758278399 | I37: Amazon iPad Pro 12.9 12.4" 128GB Tablet | J37: 1093.17 | K37: 2023-11-20 | L37: STALE_LISTING | M37: =IF(G37<>"","PASS","FAIL - Missing UPC") -> PASS | N37: =IF(AND(G37<>"",H37<>""),IF("0"&G37=H37,"PASS","FAIL - GTIN Mismatch"),"SKIP") -> PASS | O37: =IF(I37="","FAIL - No Title",IF(LEN(I37)<=126,"PASS","FAIL - Title >"&126&" chars")) -> PASS | P37: =IF(J37>0,IF(J37<5000,"PASS","FLAG - Review Price"),"FAIL - Zero Price") -> PASS | Q37: =IF('Raw Catalog'!P35<>"","PASS","FAIL - No Image") -> PASS | R37: =IF(F37<>"","PASS","FAIL - No Brand") -> PASS | S37: =IF(K37="","FAIL - No Date",IF(TODAY()-DATEVALUE(K37)<=180,"PASS","FLAG - Stale >180d")) -> FLAG - Stale >180d | T37: =COUNTIF(M37:S37,"FAIL*")+COUNTIF(M37:S37,"FLAG*") -> 1 | U37: =IF(T37=0,"CLEAN",IF(T37=1,"MINOR",IF(T37<=3,"MODERATE","CRITICAL"))) -> MINOR | V37: =IF(U37="CLEAN","None",IF(U37="MINOR","Seller Notify",IF(U37="MODERATE","Listing Suspended","Immediate Removal"))) -> Seller Notify
A38: 35 | B38: BB-MKT-00815 | C38: S004 | D38: ValueTech Store | E38: Headphones | F38: Bose | G38: 696530775578 | H38: 0696530775578 | I38: Bose WH-1000XM5 Over-ear Both Headphones | J38: 32.47 | K38: 2025-01-06 | M38: =IF(G38<>"","PASS","FAIL - Missing UPC") -> PASS | N38: =IF(AND(G38<>"",H38<>""),IF("0"&G38=H38,"PASS","FAIL - GTIN Mismatch"),"SKIP") -> PASS | O38: =IF(I38="","FAIL - No Title",IF(LEN(I38)<=126,"PASS","FAIL - Title >"&126&" chars")) -> PASS | P38: =IF(J38>0,IF(J38<5000,"PASS","FLAG - Review Price"),"FAIL - Zero Price") -> PASS | Q38: =IF('Raw Catalog'!P36<>"","PASS","FAIL - No Image") -> PASS | R38: =IF(F38<>"","PASS","FAIL - No Brand") -> PASS | S38: =IF(K38="","FAIL - No Date",IF(TODAY()-DATEVALUE(K38)<=180,"PASS","FLAG - Stale >180d")) -> FLAG - Stale >180d | T38: =COUNTIF(M38:S38,"FAIL*")+COUNTIF(M38:S38,"FLAG*") -> 1 | U38: =IF(T38=0,"CLEAN",IF(T38=1,"MINOR",IF(T38<=3,"MODERATE","CRITICAL"))) -> MINOR | V38: =IF(U38="CLEAN","None",IF(U38="MINOR","Seller Notify",IF(U38="MODERATE","Listing Suspended","Immediate Removal"))) -> Seller Notify
A39: 36 | B39: BB-MKT-00969 | C39: S002 | D39: EliteGadgets Inc | E39: TVs | F39: TCL | G39: 520572158394 | H39: 0520572158394 | I39: TCL 75" 1080p Full HD Smart TV OLED C3 | J39: 3715.17 | K39: 2024-12-17 | M39: =IF(G39<>"","PASS","FAIL - Missing UPC") -> PASS | N39: =IF(AND(G39<>"",H39<>""),IF("0"&G39=H39,"PASS","FAIL - GTIN Mismatch"),"SKIP") -> PASS | O39: =IF(I39="","FAIL - No Title",IF(LEN(I39)<=126,"PASS","FAIL - Title >"&126&" chars")) -> PASS | P39: =IF(J39>0,IF(J39<5000,"PASS","FLAG - Review Price"),"FAIL - Zero Price") -> PASS | Q39: =IF('Raw Catalog'!P37<>"","PASS","FAIL - No Image") -> PASS | R39: =IF(F39<>"","PASS","FAIL - No Brand") -> PASS | S39: =IF(K39="","FAIL - No Date",IF(TODAY()-DATEVALUE(K39)<=180,"PASS","FLAG - Stale >180d")) -> FLAG - Stale >180d | T39: =COUNTIF(M39:S39,"FAIL*")+COUNTIF(M39:S39,"FLAG*") -> 1 | U39: =IF(T39=0,"CLEAN",IF(T39=1,"MINOR",IF(T39<=3,"MODERATE","CRITICAL"))) -> MINOR | V39: =IF(U39="CLEAN","None",IF(U39="MINOR","Seller Notify",IF(U39="MODERATE","Listing Suspended","Immediate Removal"))) -> Seller Notify
A40: 37 | B40: BB-MKT-00780 | C40: S004 | D40: ValueTech Store | E40: Headphones | F40: JBL | G40: 279281185915 | H40: 0279281185915 | I40: JBL Tour One In-ear Wired Headphones | J40: 73.73 | K40: 2024-08-19 | M40: =IF(G40<>"","PASS","FAIL - Missing UPC") -> PASS | N40: =IF(AND(G40<>"",H40<>""),IF("0"&G40=H40,"PASS","FAIL - GTIN Mismatch"),"SKIP") -> PASS | O40: =IF(I40="","FAIL - No Title",IF(LEN(I40)<=126,"PASS","FAIL - Title >"&126&" chars")) -> PASS | P40: =IF(J40>0,IF(J40<5000,"PASS","FLAG - Review Price"),"FAIL - Zero Price") -> PASS | Q40: =IF('Raw Catalog'!P38<>"","PASS","FAIL - No Image") -> PASS | R40: =IF(F40<>"","PASS","FAIL - No Brand") -> PASS | S40: =IF(K40="","FAIL - No Date",IF(TODAY()-DATEVALUE(K40)<=180,"PASS","FLAG - Stale >180d")) -> FLAG - Stale >180d | T40: =COUNTIF(M40:S40,"FAIL*")+COUNTIF(M40:S40,"FLAG*") -> 1 | U40: =IF(T40=0,"CLEAN",IF(T40=1,"MINOR",IF(T40<=3,"MODERATE","CRITICAL"))) -> MINOR | V40: =IF(U40="CLEAN","None",IF(U40="MINOR","Seller Notify",IF(U40="MODERATE","Listing Suspended","Immediate Removal"))) -> Seller Notify
A41: 38 | B41: BB-MKT-01000 | C41: S008 | D41: DigitalHub USA | E41: Smart Home | F41: Arlo | G41: 751444143907 | H41: 0751444143907 | I41: Arlo Nest Hub Max Smart Home Device | J41: 115.92 | K41: 2024-10-10 | M41: =IF(G41<>"","PASS","FAIL - Missing UPC") -> PASS | N41: =IF(AND(G41<>"",H41<>""),IF("0"&G41=H41,"PASS","FAIL - GTIN Mismatch"),"SKIP") -> PASS | O41: =IF(I41="","FAIL - No Title",IF(LEN(I41)<=126,"PASS","FAIL - Title >"&126&" chars")) -> PASS | P41: =IF(J41>0,IF(J41<5000,"PASS","FLAG - Review Price"),"FAIL - Zero Price") -> PASS | Q41: =IF('Raw Catalog'!P39<>"","PASS","FAIL - No Image") -> PASS | R41: =IF(F41<>"","PASS","FAIL - No Brand") -> PASS | S41: =IF(K41="","FAIL - No Date",IF(TODAY()-DATEVALUE(K41)<=180,"PASS","FLAG - Stale >180d")) -> FLAG - Stale >180d | T41: =COUNTIF(M41:S41,"FAIL*")+COUNTIF(M41:S41,"FLAG*") -> 1 | U41: =IF(T41=0,"CLEAN",IF(T41=1,"MINOR",IF(T41<=3,"MODERATE","CRITICAL"))) -> MINOR | V41: =IF(U41="CLEAN","None",IF(U41="MINOR","Seller Notify",IF(U41="MODERATE","Listing Suspended","Immediate Removal"))) -> Seller Notify
A42: 39 | B42: BB-MKT-00644 | C42: S006 | D42: NextGen Devices | E42: TVs | F42: Lenovo | G42: 204770454921 | H42: 0204770454921 | I42: Lenovo iPad Pro 12.9 11" 256GB Tablet | J42: 1014.11 | K42: 2024-07-28 | L42: CATEGORY_MISMATCH | M42: =IF(G42<>"","PASS","FAIL - Missing UPC") -> PASS | N42: =IF(AND(G42<>"",H42<>""),IF("0"&G42=H42,"PASS","FAIL - GTIN Mismatch"),"SKIP") -> PASS | O42: =IF(I42="","FAIL - No Title",IF(LEN(I42)<=126,"PASS","FAIL - Title >"&126&" chars")) -> PASS | P42: =IF(J42>0,IF(J42<5000,"PASS","FLAG - Review Price"),"FAIL - Zero Price") -> PASS | Q42: =IF('Raw Catalog'!P40<>"","PASS","FAIL - No Image") -> PASS | R42: =IF(F42<>"","PASS","FAIL - No Brand") -> PASS | S42: =IF(K42="","FAIL - No Date",IF(TODAY()-DATEVALUE(K42)<=180,"PASS","FLAG - Stale >180d")) -> FLAG - Stale >180d | T42: =COUNTIF(M42:S42,"FAIL*")+COUNTIF(M42:S42,"FLAG*") -> 1 | U42: =IF(T42=0,"CLEAN",IF(T42=1,"MINOR",IF(T42<=3,"MODERATE","CRITICAL"))) -> MINOR | V42: =IF(U42="CLEAN","None",IF(U42="MINOR","Seller Notify",IF(U42="MODERATE","Listing Suspended","Immediate Removal"))) -> Seller Notify
A43: 40 | B43: BB-MKT-00572 | C43: S001 | D43: TechDirect LLC | E43: Headphones | F43: JBL | G43: 643169854042 | H43: 0643169854042 | I43: JBL Studio Pro On-ear Wired Headphones | J43: 488.58 | K43: 2023-11-27 | L43: STALE_LISTING | M43: =IF(G43<>"","PASS","FAIL - Missing UPC") -> PASS | N43: =IF(AND(G43<>"",H43<>""),IF("0"&G43=H43,"PASS","FAIL - GTIN Mismatch"),"SKIP") -> PASS | O43: =IF(I43="","FAIL - No Title",IF(LEN(I43)<=126,"PASS","FAIL - Title >"&126&" chars")) -> PASS | P43: =IF(J43>0,IF(J43<5000,"PASS","FLAG - Review Price"),"FAIL - Zero Price") -> PASS | Q43: =IF('Raw Catalog'!P41<>"","PASS","FAIL - No Image") -> PASS | R43: =IF(F43<>"","PASS","FAIL - No Brand") -> PASS | S43: =IF(K43="","FAIL - No Date",IF(TODAY()-DATEVALUE(K43)<=180,"PASS","FLAG - Stale >180d")) -> FLAG - Stale >180d | T43: =COUNTIF(M43:S43,"FAIL*")+COUNTIF(M43:S43,"FLAG*") -> 1 | U43: =IF(T43=0,"CLEAN",IF(T43=1,"MINOR",IF(T43<=3,"MODERATE","CRITICAL"))) -> MINOR | V43: =IF(U43="CLEAN","None",IF(U43="MINOR","Seller Notify",IF(U43="MODERATE","Listing Suspended","Immediate Removal"))) -> Seller Notify
A44: 41 | B44: BB-MKT-00038 | C44: S007 | D44: SmartBuy Co | E44: Laptops | F44: HP | G44: 625619734196 | H44: 0625619734196 | I44: HP Katana 15 13.3" Laptop - 64GB RAM 512GB SSD | J44: 1026.09 | K44: 2025-01-31 | M44: =IF(G44<>"","PASS","FAIL - Missing UPC") -> PASS | N44: =IF(AND(G44<>"",H44<>""),IF("0"&G44=H44,"PASS","FAIL - GTIN Mismatch"),"SKIP") -> PASS | O44: =IF(I44="","FAIL - No Title",IF(LEN(I44)<=126,"PASS","FAIL - Title >"&126&" chars")) -> PASS | P44: =IF(J44>0,IF(J44<5000,"PASS","FLAG - Review Price"),"FAIL - Zero Price") -> PASS | Q44: =IF('Raw Catalog'!P42<>"","PASS","FAIL - No Image") -> PASS | R44: =IF(F44<>"","PASS","FAIL - No Brand") -> PASS | S44: =IF(K44="","FAIL - No Date",IF(TODAY()-DATEVALUE(K44)<=180,"PASS","FLAG - Stale >180d")) -> FLAG - Stale >180d | T44: =COUNTIF(M44:S44,"FAIL*")+COUNTIF(M44:S44,"FLAG*") -> 1 | U44: =IF(T44=0,"CLEAN",IF(T44=1,"MINOR",IF(T44<=3,"MODERATE","CRITICAL"))) -> MINOR | V44: =IF(U44="CLEAN","None",IF(U44="MINOR","Seller Notify",IF(U44="MODERATE","Listing Suspended","Immediate Removal"))) -> Seller Notify
A45: 42 | B45: BB-MKT-00522 | C45: S005 | D45: ConnectPro Sales | E45: TVs | F45: Samsung | G45: 244325991971 | H45: 0244325991971 | I45: Samsung 65" 8K Smart TV Bravia XR | J45: 3369.2 | K45: 2025-02-14 | M45: =IF(G45<>"","PASS","FAIL - Missing UPC") -> PASS | N45: =IF(AND(G45<>"",H45<>""),IF("0"&G45=H45,"PASS","FAIL - GTIN Mismatch"),"SKIP") -> PASS | O45: =IF(I45="","FAIL - No Title",IF(LEN(I45)<=126,"PASS","FAIL - Title >"&126&" chars")) -> PASS | P45: =IF(J45>0,IF(J45<5000,"PASS","FLAG - Review Price"),"FAIL - Zero Price") -> PASS | Q45: =IF('Raw Catalog'!P43<>"","PASS","FAIL - No Image") -> PASS | R45: =IF(F45<>"","PASS","FAIL - No Brand") -> PASS | S45: =IF(K45="","FAIL - No Date",IF(TODAY()-DATEVALUE(K45)<=180,"PASS","FLAG - Stale >180d")) -> FLAG - Stale >180d | T45: =COUNTIF(M45:S45,"FAIL*")+COUNTIF(M45:S45,"FLAG*") -> 1 | U45: =IF(T45=0,"CLEAN",IF(T45=1,"MINOR",IF(T45<=3,"MODERATE","CRITICAL"))) -> MINOR | V45: =IF(U45="CLEAN","None",IF(U45="MINOR","Seller Notify",IF(U45="MODERATE","Listing Suspended","Immediate Removal"))) -> Seller Notify
A46: 43 | B46: BB-MKT-00344 | C46: S008 | D46: DigitalHub USA | E46: Headphones | F46: JBL | G46: 392298458992 | H46: 0392298458992 | I46: JBL Evolve2 85 Over-ear Wired Headphones | J46: 311.46 | K46: 2024-11-06 | M46: =IF(G46<>"","PASS","FAIL - Missing UPC") -> PASS | N46: =IF(AND(G46<>"",H46<>""),IF("0"&G46=H46,"PASS","FAIL - GTIN Mismatch"),"SKIP") -> PASS | O46: =IF(I46="","FAIL - No Title",IF(LEN(I46)<=126,"PASS","FAIL - Title >"&126&" chars")) -> PASS | P46: =IF(J46>0,IF(J46<5000,"PASS","FLAG - Review Price"),"FAIL - Zero Price") -> PASS | Q46: =IF('Raw Catalog'!P44<>"","PASS","FAIL - No Image") -> PASS | R46: =IF(F46<>"","PASS","FAIL - No Brand") -> PASS | S46: =IF(K46="","FAIL - No Date",IF(TODAY()-DATEVALUE(K46)<=180,"PASS","FLAG - Stale >180d")) -> FLAG - Stale >180d | T46: =COUNTIF(M46:S46,"FAIL*")+COUNTIF(M46:S46,"FLAG*") -> 1 | U46: =IF(T46=0,"CLEAN",IF(T46=1,"MINOR",IF(T46<=3,"MODERATE","CRITICAL"))) -> MINOR | V46: =IF(U46="CLEAN","None",IF(U46="MINOR","Seller Notify",IF(U46="MODERATE","Listing Suspended","Immediate Removal"))) -> Seller Notify
A47: 44 | B47: BB-MKT-00239 | C47: S005 | D47: ConnectPro Sales | E47: Smart Home | F47: Amazon | G47: 986239835712 | H47: 0986239835712 | I47: Amazon Nest Hub Max Smart Home Device | J47: 485.23 | K47: 2023-12-10 | L47: STALE_LISTING | M47: =IF(G47<>"","PASS","FAIL - Missing UPC") -> PASS | N47: =IF(AND(G47<>"",H47<>""),IF("0"&G47=H47,"PASS","FAIL - GTIN Mismatch"),"SKIP") -> PASS | O47: =IF(I47="","FAIL - No Title",IF(LEN(I47)<=126,"PASS","FAIL - Title >"&126&" chars")) -> PASS | P47: =IF(J47>0,IF(J47<5000,"PASS","FLAG - Review Price"),"FAIL - Zero Price") -> PASS | Q47: =IF('Raw Catalog'!P45<>"","PASS","FAIL - No Image") -> PASS | R47: =IF(F47<>"","PASS","FAIL - No Brand") -> PASS | S47: =IF(K47="","FAIL - No Date",IF(TODAY()-DATEVALUE(K47)<=180,"PASS","FLAG - Stale >180d")) -> FLAG - Stale >180d | T47: =COUNTIF(M47:S47,"FAIL*")+COUNTIF(M47:S47,"FLAG*") -> 1 | U47: =IF(T47=0,"CLEAN",IF(T47=1,"MINOR",IF(T47<=3,"MODERATE","CRITICAL"))) -> MINOR | V47: =IF(U47="CLEAN","None",IF(U47="MINOR","Seller Notify",IF(U47="MODERATE","Listing Suspended","Immediate Removal"))) -> Seller Notify
A48: 45 | B48: BB-MKT-00335 | C48: S005 | D48: ConnectPro Sales | E48: Laptops | F48: Microsoft | G48: 125143648433 | H48: 0125143648433 | I48: Microsoft Fire HD 10 12.4" 512GB Tablet | J48: 910.33 | K48: 2024-08-10 | L48: CATEGORY_MISMATCH | M48: =IF(G48<>"","PASS","FAIL - Missing UPC") -> PASS | N48: =IF(AND(G48<>"",H48<>""),IF("0"&G48=H48,"PASS","FAIL - GTIN Mismatch"),"SKIP") -> PASS | O48: =IF(I48="","FAIL - No Title",IF(LEN(I48)<=126,"PASS","FAIL - Title >"&126&" chars")) -> PASS | P48: =IF(J48>0,IF(J48<5000,"PASS","FLAG - Review Price"),"FAIL - Zero Price") -> PASS | Q48: =IF('Raw Catalog'!P46<>"","PASS","FAIL - No Image") -> PASS | R48: =IF(F48<>"","PASS","FAIL - No Brand") -> PASS | S48: =IF(K48="","FAIL - No Date",IF(TODAY()-DATEVALUE(K48)<=180,"PASS","FLAG - Stale >180d")) -> FLAG - Stale >180d | T48: =COUNTIF(M48:S48,"FAIL*")+COUNTIF(M48:S48,"FLAG*") -> 1 | U48: =IF(T48=0,"CLEAN",IF(T48=1,"MINOR",IF(T48<=3,"MODERATE","CRITICAL"))) -> MINOR | V48: =IF(U48="CLEAN","None",IF(U48="MINOR","Seller Notify",IF(U48="MODERATE","Listing Suspended","Immediate Removal"))) -> Seller Notify
A49: 46 | B49: BB-MKT-00780 | C49: S003 | D49: PrimeElectronics | E49: Headphones | F49: JBL | G49: 279281185915 | H49: 0279281185915 | I49: JBL Tour One In-ear Wired Headphones | J49: 78.11 | K49: 2024-08-19 | L49: DUPLICATE_SKU | M49: =IF(G49<>"","PASS","FAIL - Missing UPC") -> PASS | N49: =IF(AND(G49<>"",H49<>""),IF("0"&G49=H49,"PASS","FAIL - GTIN Mismatch"),"SKIP") -> PASS | O49: =IF(I49="","FAIL - No Title",IF(LEN(I49)<=126,"PASS","FAIL - Title >"&126&" chars")) -> PASS | P49: =IF(J49>0,IF(J49<5000,"PASS","FLAG - Review Price"),"FAIL - Zero Price") -> PASS | Q49: =IF('Raw Catalog'!P47<>"","PASS","FAIL - No Image") -> PASS | R49: =IF(F49<>"","PASS","FAIL - No Brand") -> PASS | S49: =IF(K49="","FAIL - No Date",IF(TODAY()-DATEVALUE(K49)<=180,"PASS","FLAG - Stale >180d")) -> FLAG - Stale >180d | T49: =COUNTIF(M49:S49,"FAIL*")+COUNTIF(M49:S49,"FLAG*") -> 1 | U49: =IF(T49=0,"CLEAN",IF(T49=1,"MINOR",IF(T49<=3,"MODERATE","CRITICAL"))) -> MINOR | V49: =IF(U49="CLEAN","None",IF(U49="MINOR","Seller Notify",IF(U49="MODERATE","Listing Suspended","Immediate Removal"))) -> Seller Notify
A50: 47 | B50: BB-MKT-00781 | C50: S004 | D50: ValueTech Store | E50: Laptops | F50: MSI | G50: 473971242576 | H50: 0473971242576 | I50: MSI Pavilion 15 16" Laptop - 8GB RAM 512GB SSD | J50: 798.29 | K50: 2025-02-28 | M50: =IF(G50<>"","PASS","FAIL - Missing UPC") -> PASS | N50: =IF(AND(G50<>"",H50<>""),IF("0"&G50=H50,"PASS","FAIL - GTIN Mismatch"),"SKIP") -> PASS | O50: =IF(I50="","FAIL - No Title",IF(LEN(I50)<=126,"PASS","FAIL - Title >"&126&" chars")) -> PASS | P50: =IF(J50>0,IF(J50<5000,"PASS","FLAG - Review Price"),"FAIL - Zero Price") -> PASS | Q50: =IF('Raw Catalog'!P48<>"","PASS","FAIL - No Image") -> PASS | R50: =IF(F50<>"","PASS","FAIL - No Brand") -> PASS | S50: =IF(K50="","FAIL - No Date",IF(TODAY()-DATEVALUE(K50)<=180,"PASS","FLAG - Stale >180d")) -> FLAG - Stale >180d | T50: =COUNTIF(M50:S50,"FAIL*")+COUNTIF(M50:S50,"FLAG*") -> 1 | U50: =IF(T50=0,"CLEAN",IF(T50=1,"MINOR",IF(T50<=3,"MODERATE","CRITICAL"))) -> MINOR | V50: =IF(U50="CLEAN","None",IF(U50="MINOR","Seller Notify",IF(U50="MODERATE","Listing Suspended","Immediate Removal"))) -> Seller Notify
A51: 48 | B51: BB-MKT-00171 | C51: S001 | D51: TechDirect LLC | E51: TVs | F51: Sony | G51: 537317445811 | H51: 0537317445811 | I51: Sony 50" 1080p Full HD Smart TV QLED 4K | J51: 858.19 | K51: 2025-01-16 | M51: =IF(G51<>"","PASS","FAIL - Missing UPC") -> PASS | N51: =IF(AND(G51<>"",H51<>""),IF("0"&G51=H51,"PASS","FAIL - GTIN Mismatch"),"SKIP") -> PASS | O51: =IF(I51="","FAIL - No Title",IF(LEN(I51)<=126,"PASS","FAIL - Title >"&126&" chars")) -> PASS | P51: =IF(J51>0,IF(J51<5000,"PASS","FLAG - Review Price"),"FAIL - Zero Price") -> PASS | Q51: =IF('Raw Catalog'!P49<>"","PASS","FAIL - No Image") -> PASS | R51: =IF(F51<>"","PASS","FAIL - No Brand") -> PASS | S51: =IF(K51="","FAIL - No Date",IF(TODAY()-DATEVALUE(K51)<=180,"PASS","FLAG - Stale >180d")) -> FLAG - Stale >180d | T51: =COUNTIF(M51:S51,"FAIL*")+COUNTIF(M51:S51,"FLAG*") -> 1 | U51: =IF(T51=0,"CLEAN",IF(T51=1,"MINOR",IF(T51<=3,"MODERATE","CRITICAL"))) -> MINOR | V51: =IF(U51="CLEAN","None",IF(U51="MINOR","Seller Notify",IF(U51="MODERATE","Listing Suspended","Immediate Removal"))) -> Seller Notify
A52: 49 | B52: BB-MKT-00740 | C52: S004 | D52: ValueTech Store | E52: TVs | F52: Samsung | G52: 233656199806 | H52: 0233656199806 | I52: Samsung 65" 4K UHD Smart TV 5-Series 4K | J52: 2504.37 | K52: 2025-04-22 | M52: =IF(G52<>"","PASS","FAIL - Missing UPC") -> PASS | N52: =IF(AND(G52<>"",H52<>""),IF("0"&G52=H52,"PASS","FAIL - GTIN Mismatch"),"SKIP") -> PASS | O52: =IF(I52="","FAIL - No Title",IF(LEN(I52)<=126,"PASS","FAIL - Title >"&126&" chars")) -> PASS | P52: =IF(J52>0,IF(J52<5000,"PASS","FLAG - Review Price"),"FAIL - Zero Price") -> PASS | Q52: =IF('Raw Catalog'!P50<>"","PASS","FAIL - No Image") -> PASS | R52: =IF(F52<>"","PASS","FAIL - No Brand") -> PASS | S52: =IF(K52="","FAIL - No Date",IF(TODAY()-DATEVALUE(K52)<=180,"PASS","FLAG - Stale >180d")) -> FLAG - Stale >180d | T52: =COUNTIF(M52:S52,"FAIL*")+COUNTIF(M52:S52,"FLAG*") -> 1 | U52: =IF(T52=0,"CLEAN",IF(T52=1,"MINOR",IF(T52<=3,"MODERATE","CRITICAL"))) -> MINOR | V52: =IF(U52="CLEAN","None",IF(U52="MINOR","Seller Notify",IF(U52="MODERATE","Listing Suspended","Immediate Removal"))) -> Seller Notify
A53: 50 | B53: BB-MKT-00207 | C53: S007 | D53: SmartBuy Co | E53: Laptops | F53: Apple | G53: 658685143493 | H53: 0841696827829 | I53: Apple Aspire 5 13.3" Laptop - 16GB RAM 512GB SSD | J53: 1525.42 | K53: 2024-08-03 | L53: GTIN_UPC_MISMATCH | M53: =IF(G53<>"","PASS","FAIL - Missing UPC") -> PASS | N53: =IF(AND(G53<>"",H53<>""),IF("0"&G53=H53,"PASS","FAIL - GTIN Mismatch"),"SKIP") -> FAIL - GTIN Mismatch | O53: =IF(I53="","FAIL - No Title",IF(LEN(I53)<=126,"PASS","FAIL - Title >"&126&" chars")) -> PASS | P53: =IF(J53>0,IF(J53<5000,"PASS","FLAG - Review Price"),"FAIL - Zero Price") -> PASS | Q53: =IF('Raw Catalog'!P51<>"","PASS","FAIL - No Image") -> PASS | R53: =IF(F53<>"","PASS","FAIL - No Brand") -> PASS | S53: =IF(K53="","FAIL - No Date",IF(TODAY()-DATEVALUE(K53)<=180,"PASS","FLAG - Stale >180d")) -> FLAG - Stale >180d | T53: =COUNTIF(M53:S53,"FAIL*")+COUNTIF(M53:S53,"FLAG*") -> 2 | U53: =IF(T53=0,"CLEAN",IF(T53=1,"MINOR",IF(T53<=3,"MODERATE","CRITICAL"))) -> MODERATE | V53: =IF(U53="CLEAN","None",IF(U53="MINOR","Seller Notify",IF(U53="MODERATE","Listing Suspended","Immediate Removal"))) -> Listing Suspended
A54: 51 | B54: BB-MKT-00296 | C54: S001 | D54: TechDirect LLC | E54: Smart Home | F54: Wyze | G54: 914962728298 | H54: 0914962728298 | I54: Wyze Learning Thermostat Smart Home Device | J54: 222.95 | K54: 2024-09-11 | M54: =IF(G54<>"","PASS","FAIL - Missing UPC") -> PASS | N54: =IF(AND(G54<>"",H54<>""),IF("0"&G54=H54,"PASS","FAIL - GTIN Mismatch"),"SKIP") -> PASS | O54: =IF(I54="","FAIL - No Title",IF(LEN(I54)<=126,"PASS","FAIL - Title >"&126&" chars")) -> PASS | P54: =IF(J54>0,IF(J54<5000,"PASS","FLAG - Review Price"),"FAIL - Zero Price") -> PASS | Q54: =IF('Raw Catalog'!P52<>"","PASS","FAIL - No Image") -> PASS | R54: =IF(F54<>"","PASS","FAIL - No Brand") -> PASS | S54: =IF(K54="","FAIL - No Date",IF(TODAY()-DATEVALUE(K54)<=180,"PASS","FLAG - Stale >180d")) -> FLAG - Stale >180d | T54: =COUNTIF(M54:S54,"FAIL*")+COUNTIF(M54:S54,"FLAG*") -> 1 | U54: =IF(T54=0,"CLEAN",IF(T54=1,"MINOR",IF(T54<=3,"MODERATE","CRITICAL"))) -> MINOR | V54: =IF(U54="CLEAN","None",IF(U54="MINOR","Seller Notify",IF(U54="MODERATE","Listing Suspended","Immediate Removal"))) -> Seller Notify
A55: 52 | B55: BB-MKT-00783 | C55: S008 | D55: DigitalHub USA | E55: TVs | F55: Samsung | G55: 378434777669 | H55: 0378434777669 | I55: Samsung 75" 8K Smart TV U8K | J55: 503.82 | K55: 2024-11-25 | M55: =IF(G55<>"","PASS","FAIL - Missing UPC") -> PASS | N55: =IF(AND(G55<>"",H55<>""),IF("0"&G55=H55,"PASS","FAIL - GTIN Mismatch"),"SKIP") -> PASS | O55: =IF(I55="","FAIL - No Title",IF(LEN(I55)<=126,"PASS","FAIL - Title >"&126&" chars")) -> PASS | P55: =IF(J55>0,IF(J55<5000,"PASS","FLAG - Review Price"),"FAIL - Zero Price") -> PASS | Q55: =IF('Raw Catalog'!P53<>"","PASS","FAIL - No Image") -> PASS | R55: =IF(F55<>"","PASS","FAIL - No Brand") -> PASS | S55: =IF(K55="","FAIL - No Date",IF(TODAY()-DATEVALUE(K55)<=180,"PASS","FLAG - Stale >180d")) -> FLAG - Stale >180d | T55: =COUNTIF(M55:S55,"FAIL*")+COUNTIF(M55:S55,"FLAG*") -> 1 | U55: =IF(T55=0,"CLEAN",IF(T55=1,"MINOR",IF(T55<=3,"MODERATE","CRITICAL"))) -> MINOR | V55: =IF(U55="CLEAN","None",IF(U55="MINOR","Seller Notify",IF(U55="MODERATE","Listing Suspended","Immediate Removal"))) -> Seller Notify
A56: 53 | B56: BB-MKT-00825 | C56: S007 | D56: SmartBuy Co | E56: Laptops | F56: MSI | G56: 329860847179 | H56: 0329860847179 | I56: MSI MacBook Air 13.3" Laptop - 32GB RAM 512GB SSD | J56: 2467.96 | K56: 2024-10-26 | M56: =IF(G56<>"","PASS","FAIL - Missing UPC") -> PASS | N56: =IF(AND(G56<>"",H56<>""),IF("0"&G56=H56,"PASS","FAIL - GTIN Mismatch"),"SKIP") -> PASS | O56: =IF(I56="","FAIL - No Title",IF(LEN(I56)<=126,"PASS","FAIL - Title >"&126&" chars")) -> PASS | P56: =IF(J56>0,IF(J56<5000,"PASS","FLAG - Review Price"),"FAIL - Zero Price") -> PASS | Q56: =IF('Raw Catalog'!P54<>"","PASS","FAIL - No Image") -> PASS | R56: =IF(F56<>"","PASS","FAIL - No Brand") -> PASS | S56: =IF(K56="","FAIL - No Date",IF(TODAY()-DATEVALUE(K56)<=180,"PASS","FLAG - Stale >180d")) -> FLAG - Stale >180d | T56: =COUNTIF(M56:S56,"FAIL*")+COUNTIF(M56:S56,"FLAG*") -> 1 | U56: =IF(T56=0,"CLEAN",IF(T56=1,"MINOR",IF(T56<=3,"MODERATE","CRITICAL"))) -> MINOR | V56: =IF(U56="CLEAN","None",IF(U56="MINOR","Seller Notify",IF(U56="MODERATE","Listing Suspended","Immediate Removal"))) -> Seller Notify
A57: 54 | B57: BB-MKT-00913 | C57: S008 | D57: DigitalHub USA | E57: Smart Home | F57: Arlo | G57: 595921470446 | H57: 0595921470446 | I57: Arlo Nest Hub Max Smart Home Device | J57: 63.32 | K57: 2025-02-18 | M57: =IF(G57<>"","PASS","FAIL - Missing UPC") -> PASS | N57: =IF(AND(G57<>"",H57<>""),IF("0"&G57=H57,"PASS","FAIL - GTIN Mismatch"),"SKIP") -> PASS | O57: =IF(I57="","FAIL - No Title",IF(LEN(I57)<=126,"PASS","FAIL - Title >"&126&" chars")) -> PASS | P57: =IF(J57>0,IF(J57<5000,"PASS","FLAG - Review Price"),"FAIL - Zero Price") -> PASS | Q57: =IF('Raw Catalog'!P55<>"","PASS","FAIL - No Image") -> PASS | R57: =IF(F57<>"","PASS","FAIL - No Brand") -> PASS | S57: =IF(K57="","FAIL - No Date",IF(TODAY()-DATEVALUE(K57)<=180,"PASS","FLAG - Stale >180d")) -> FLAG - Stale >180d | T57: =COUNTIF(M57:S57,"FAIL*")+COUNTIF(M57:S57,"FLAG*") -> 1 | U57: =IF(T57=0,"CLEAN",IF(T57=1,"MINOR",IF(T57<=3,"MODERATE","CRITICAL"))) -> MINOR | V57: =IF(U57="CLEAN","None",IF(U57="MINOR","Seller Notify",IF(U57="MODERATE","Listing Suspended","Immediate Removal"))) -> Seller Notify
A58: 55 | B58: BB-MKT-00788 | C58: S003 | D58: PrimeElectronics | E58: Tablets | F58: Lenovo | G58: 778163081324 | H58: 0778163081324 | I58: Lenovo Fire HD 10 8" 128GB Tablet | J58: 371.69 | K58: 2024-10-30 | M58: =IF(G58<>"","PASS","FAIL - Missing UPC") -> PASS | N58: =IF(AND(G58<>"",H58<>""),IF("0"&G58=H58,"PASS","FAIL - GTIN Mismatch"),"SKIP") -> PASS | O58: =IF(I58="","FAIL - No Title",IF(LEN(I58)<=126,"PASS","FAIL - Title >"&126&" chars")) -> PASS | P58: =IF(J58>0,IF(J58<5000,"PASS","FLAG - Review Price"),"FAIL - Zero Price") -> PASS | Q58: =IF('Raw Catalog'!P56<>"","PASS","FAIL - No Image") -> PASS | R58: =IF(F58<>"","PASS","FAIL - No Brand") -> PASS | S58: =IF(K58="","FAIL - No Date",IF(TODAY()-DATEVALUE(K58)<=180,"PASS","FLAG - Stale >180d")) -> FLAG - Stale >180d | T58: =COUNTIF(M58:S58,"FAIL*")+COUNTIF(M58:S58,"FLAG*") -> 1 | U58: =IF(T58=0,"CLEAN",IF(T58=1,"MINOR",IF(T58<=3,"MODERATE","CRITICAL"))) -> MINOR | V58: =IF(U58="CLEAN","None",IF(U58="MINOR","Seller Notify",IF(U58="MODERATE","Listing Suspended","Immediate Removal"))) -> Seller Notify
A59: 56 | B59: BB-MKT-00226 | C59: S002 | D59: EliteGadgets Inc | E59: TVs | F59: Vizio | G59: 980393840836 | H59: 0980393840836 | I59: Vizio 55" 1080p Full HD Smart TV OLED C3 | J59: 3756.02 | K59: 2024-09-29 | M59: =IF(G59<>"","PASS","FAIL - Missing UPC") -> PASS | N59: =IF(AND(G59<>"",H59<>""),IF("0"&G59=H59,"PASS","FAIL - GTIN Mismatch"),"SKIP") -> PASS | O59: =IF(I59="","FAIL - No Title",IF(LEN(I59)<=126,"PASS","FAIL - Title >"&126&" chars")) -> PASS | P59: =IF(J59>0,IF(J59<5000,"PASS","FLAG - Review Price"),"FAIL - Zero Price") -> PASS | Q59: =IF('Raw Catalog'!P57<>"","PASS","FAIL - No Image") -> PASS | R59: =IF(F59<>"","PASS","FAIL - No Brand") -> PASS | S59: =IF(K59="","FAIL - No Date",IF(TODAY()-DATEVALUE(K59)<=180,"PASS","FLAG - Stale >180d")) -> FLAG - Stale >180d | T59: =COUNTIF(M59:S59,"FAIL*")+COUNTIF(M59:S59,"FLAG*") -> 1 | U59: =IF(T59=0,"CLEAN",IF(T59=1,"MINOR",IF(T59<=3,"MODERATE","CRITICAL"))) -> MINOR | V59: =IF(U59="CLEAN","None",IF(U59="MINOR","Seller Notify",IF(U59="MODERATE","Listing Suspended","Immediate Removal"))) -> Seller Notify
A60: 57 | B60: BB-MKT-00828 | C60: S002 | D60: EliteGadgets Inc | E60: Laptops | F60: Dell | G60: 203731395415 | H60: 0203731395415 | I60: Dell Aspire 5 13.3" Laptop - 64GB RAM 256GB SSD | J60: 2145.09 | K60: 2024-12-13 | M60: =IF(G60<>"","PASS","FAIL - Missing UPC") -> PASS | N60: =IF(AND(G60<>"",H60<>""),IF("0"&G60=H60,"PASS","FAIL - GTIN Mismatch"),"SKIP") -> PASS | O60: =IF(I60="","FAIL - No Title",IF(LEN(I60)<=126,"PASS","FAIL - Title >"&126&" chars")) -> PASS | P60: =IF(J60>0,IF(J60<5000,"PASS","FLAG - Review Price"),"FAIL - Zero Price") -> PASS | Q60: =IF('Raw Catalog'!P58<>"","PASS","FAIL - No Image") -> PASS | R60: =IF(F60<>"","PASS","FAIL - No Brand") -> PASS | S60: =IF(K60="","FAIL - No Date",IF(TODAY()-DATEVALUE(K60)<=180,"PASS","FLAG - Stale >180d")) -> FLAG - Stale >180d | T60: =COUNTIF(M60:S60,"FAIL*")+COUNTIF(M60:S60,"FLAG*") -> 1 | U60: =IF(T60=0,"CLEAN",IF(T60=1,"MINOR",IF(T60<=3,"MODERATE","CRITICAL"))) -> MINOR | V60: =IF(U60="CLEAN","None",IF(U60="MINOR","Seller Notify",IF(U60="MODERATE","Listing Suspended","Immediate Removal"))) -> Seller Notify
A61: 58 | B61: BB-MKT-00871 | C61: S004 | D61: ValueTech Store | E61: TVs | F61: Samsung | G61: 574565755436 | H61: 0574565755436 | I61: Samsung 43" 4K UHD Smart TV U8K | J61: 3893.45 | K61: 2025-03-26 | M61: =IF(G61<>"","PASS","FAIL - Missing UPC") -> PASS | N61: =IF(AND(G61<>"",H61<>""),IF("0"&G61=H61,"PASS","FAIL - GTIN Mismatch"),"SKIP") -> PASS | O61: =IF(I61="","FAIL - No Title",IF(LEN(I61)<=126,"PASS","FAIL - Title >"&126&" chars")) -> PASS | P61: =IF(J61>0,IF(J61<5000,"PASS","FLAG - Review Price"),"FAIL - Zero Price") -> PASS | Q61: =IF('Raw Catalog'!P59<>"","PASS","FAIL - No Image") -> PASS | R61: =IF(F61<>"","PASS","FAIL - No Brand") -> PASS | S61: =IF(K61="","FAIL - No Date",IF(TODAY()-DATEVALUE(K61)<=180,"PASS","FLAG - Stale >180d")) -> FLAG - Stale >180d | T61: =COUNTIF(M61:S61,"FAIL*")+COUNTIF(M61:S61,"FLAG*") -> 1 | U61: =IF(T61=0,"CLEAN",IF(T61=1,"MINOR",IF(T61<=3,"MODERATE","CRITICAL"))) -> MINOR | V61: =IF(U61="CLEAN","None",IF(U61="MINOR","Seller Notify",IF(U61="MODERATE","Listing Suspended","Immediate Removal"))) -> Seller Notify
A62: 59 | B62: BB-MKT-00643 | C62: S004 | D62: ValueTech Store | E62: Laptops | F62: MSI | G62: 997581118439 | H62: 0763338558088 | I62: MSI Katana 15 16" Laptop - 16GB RAM 512GB SSD | J62: 1549.68 | K62: 2025-02-28 | L62: GTIN_UPC_MISMATCH | M62: =IF(G62<>"","PASS","FAIL - Missing UPC") -> PASS | N62: =IF(AND(G62<>"",H62<>""),IF("0"&G62=H62,"PASS","FAIL - GTIN Mismatch"),"SKIP") -> FAIL - GTIN Mismatch | O62: =IF(I62="","FAIL - No Title",IF(LEN(I62)<=126,"PASS","FAIL - Title >"&126&" chars")) -> PASS | P62: =IF(J62>0,IF(J62<5000,"PASS","FLAG - Review Price"),"FAIL - Zero Price") -> PASS | Q62: =IF('Raw Catalog'!P60<>"","PASS","FAIL - No Image") -> PASS | R62: =IF(F62<>"","PASS","FAIL - No Brand") -> PASS | S62: =IF(K62="","FAIL - No Date",IF(TODAY()-DATEVALUE(K62)<=180,"PASS","FLAG - Stale >180d")) -> FLAG - Stale >180d | T62: =COUNTIF(M62:S62,"FAIL*")+COUNTIF(M62:S62,"FLAG*") -> 2 | U62: =IF(T62=0,"CLEAN",IF(T62=1,"MINOR",IF(T62<=3,"MODERATE","CRITICAL"))) -> MODERATE | V62: =IF(U62="CLEAN","None",IF(U62="MINOR","Seller Notify",IF(U62="MODERATE","Listing Suspended","Immediate Removal"))) -> Listing Suspended
A63: 60 | B63: BB-MKT-00234 | C63: S004 | D63: ValueTech Store | E63: TVs | F63: TCL | H63: 0177759201989 | I63: TCL 43" 8K Smart TV QLED 4K | J63: 3578.74 | K63: 2025-04-07 | L63: MISSING_UPC | M63: =IF(G63<>"","PASS","FAIL - Missing UPC") -> FAIL - Missing UPC | N63: =IF(AND(G63<>"",H63<>""),IF("0"&G63=H63,"PASS","FAIL - GTIN Mismatch"),"SKIP") -> SKIP | O63: =IF(I63="","FAIL - No Title",IF(LEN(I63)<=126,"PASS","FAIL - Title >"&126&" chars")) -> PASS | P63: =IF(J63>0,IF(J63<5000,"PASS","FLAG - Review Price"),"FAIL - Zero Price") -> PASS | Q63: =IF('Raw Catalog'!P61<>"","PASS","FAIL - No Image") -> PASS | R63: =IF(F63<>"","PASS","FAIL - No Brand") -> PASS | S63: =IF(K63="","FAIL - No Date",IF(TODAY()-DATEVALUE(K63)<=180,"PASS","FLAG - Stale >180d")) -> FLAG - Stale >180d | T63: =COUNTIF(M63:S63,"FAIL*")+COUNTIF(M63:S63,"FLAG*") -> 2 | U63: =IF(T63=0,"CLEAN",IF(T63=1,"MINOR",IF(T63<=3,"MODERATE","CRITICAL"))) -> MODERATE | V63: =IF(U63="CLEAN","None",IF(U63="MINOR","Seller Notify",IF(U63="MODERATE","Listing Suspended","Immediate Removal"))) -> Listing Suspended
A64: 61 | B64: BB-MKT-00410 | C64: S006 | D64: NextGen Devices | E64: Headphones | F64: Sennheiser | G64: 198742540483 | H64: 0198742540483 | I64: Sennheiser Studio Pro In-ear Wired Headphones | J64: 469.77 | K64: 2025-01-06 | M64: =IF(G64<>"","PASS","FAIL - Missing UPC") -> PASS | N64: =IF(AND(G64<>"",H64<>""),IF("0"&G64=H64,"PASS","FAIL - GTIN Mismatch"),"SKIP") -> PASS | O64: =IF(I64="","FAIL - No Title",IF(LEN(I64)<=126,"PASS","FAIL - Title >"&126&" chars")) -> PASS | P64: =IF(J64>0,IF(J64<5000,"PASS","FLAG - Review Price"),"FAIL - Zero Price") -> PASS | Q64: =IF('Raw Catalog'!P62<>"","PASS","FAIL - No Image") -> PASS | R64: =IF(F64<>"","PASS","FAIL - No Brand") -> PASS | S64: =IF(K64="","FAIL - No Date",IF(TODAY()-DATEVALUE(K64)<=180,"PASS","FLAG - Stale >180d")) -> FLAG - Stale >180d | T64: =COUNTIF(M64:S64,"FAIL*")+COUNTIF(M64:S64,"FLAG*") -> 1 | U64: =IF(T64=0,"CLEAN",IF(T64=1,"MINOR",IF(T64<=3,"MODERATE","CRITICAL"))) -> MINOR | V64: =IF(U64="CLEAN","None",IF(U64="MINOR","Seller Notify",IF(U64="MODERATE","Listing Suspended","Immediate Removal"))) -> Seller Notify
A65: 62 | B65: BB-MKT-00640 | C65: S001 | D65: TechDirect LLC | E65: Headphones | F65: Sony | G65: 947481413490 | H65: 0947481413490 | I65: Sony Momentum 4 In-ear Wireless Headphones | J65: 299.27 | K65: 2024-08-24 | M65: =IF(G65<>"","PASS","FAIL - Missing UPC") -> PASS | N65: =IF(AND(G65<>"",H65<>""),IF("0"&G65=H65,"PASS","FAIL - GTIN Mismatch"),"SKIP") -> PASS | O65: =IF(I65="","FAIL - No Title",IF(LEN(I65)<=126,"PASS","FAIL - Title >"&126&" chars")) -> PASS | P65: =IF(J65>0,IF(J65<5000,"PASS","FLAG - Review Price"),"FAIL - Zero Price") -> PASS | Q65: =IF('Raw Catalog'!P63<>"","PASS","FAIL - No Image") -> PASS | R65: =IF(F65<>"","PASS","FAIL - No Brand") -> PASS | S65: =IF(K65="","FAIL - No Date",IF(TODAY()-DATEVALUE(K65)<=180,"PASS","FLAG - Stale >180d")) -> FLAG - Stale >180d | T65: =COUNTIF(M65:S65,"FAIL*")+COUNTIF(M65:S65,"FLAG*") -> 1 | U65: =IF(T65=0,"CLEAN",IF(T65=1,"MINOR",IF(T65<=3,"MODERATE","CRITICAL"))) -> MINOR | V65: =IF(U65="CLEAN","None",IF(U65="MINOR","Seller Notify",IF(U65="MODERATE","Listing Suspended","Immediate Removal"))) -> Seller Notify
A66: 63 | B66: BB-MKT-00431 | C66: S002 | D66: EliteGadgets Inc | E66: Smart Home | F66: Wyze | G66: 791726793957 | H66: 0791726793957 | I66: Wyze Video Doorbell Pro 2 Smart Home Device | J66: 280.27 | K66: 2025-02-21 | M66: =IF(G66<>"","PASS","FAIL - Missing UPC") -> PASS | N66: =IF(AND(G66<>"",H66<>""),IF("0"&G66=H66,"PASS","FAIL - GTIN Mismatch"),"SKIP") -> PASS | O66: =IF(I66="","FAIL - No Title",IF(LEN(I66)<=126,"PASS","FAIL - Title >"&126&" chars")) -> PASS | P66: =IF(J66>0,IF(J66<5000,"PASS","FLAG - Review Price"),"FAIL - Zero Price") -> PASS | Q66: =IF('Raw Catalog'!P64<>"","PASS","FAIL - No Image") -> PASS | R66: =IF(F66<>"","PASS","FAIL - No Brand") -> PASS | S66: =IF(K66="","FAIL - No Date",IF(TODAY()-DATEVALUE(K66)<=180,"PASS","FLAG - Stale >180d")) -> FLAG - Stale >180d | T66: =COUNTIF(M66:S66,"FAIL*")+COUNTIF(M66:S66,"FLAG*") -> 1 | U66: =IF(T66=0,"CLEAN",IF(T66=1,"MINOR",IF(T66<=3,"MODERATE","CRITICAL"))) -> MINOR | V66: =IF(U66="CLEAN","None",IF(U66="MINOR","Seller Notify",IF(U66="MODERATE","Listing Suspended","Immediate Removal"))) -> Seller Notify
A67: 64 | B67: BB-MKT-00759 | C67: S002 | D67: EliteGadgets Inc | E67: Headphones | F67: Jabra | G67: 846939168337 | H67: 0846939168337 | I67: Jabra Evolve2 85 In-ear Wired Headphones | J67: 232.33 | K67: 2024-12-06 | M67: =IF(G67<>"","PASS","FAIL - Missing UPC") -> PASS | N67: =IF(AND(G67<>"",H67<>""),IF("0"&G67=H67,"PASS","FAIL - GTIN Mismatch"),"SKIP") -> PASS | O67: =IF(I67="","FAIL - No Title",IF(LEN(I67)<=126,"PASS","FAIL - Title >"&126&" chars")) -> PASS | P67: =IF(J67>0,IF(J67<5000,"PASS","FLAG - Review Price"),"FAIL - Zero Price") -> PASS | Q67: =IF('Raw Catalog'!P65<>"","PASS","FAIL - No Image") -> PASS | R67: =IF(F67<>"","PASS","FAIL - No Brand") -> PASS | S67: =IF(K67="","FAIL - No Date",IF(TODAY()-DATEVALUE(K67)<=180,"PASS","FLAG - Stale >180d")) -> FLAG - Stale >180d | T67: =COUNTIF(M67:S67,"FAIL*")+COUNTIF(M67:S67,"FLAG*") -> 1 | U67: =IF(T67=0,"CLEAN",IF(T67=1,"MINOR",IF(T67<=3,"MODERATE","CRITICAL"))) -> MINOR | V67: =IF(U67="CLEAN","None",IF(U67="MINOR","Seller Notify",IF(U67="MODERATE","Listing Suspended","Immediate Removal"))) -> Seller Notify
A68: 65 | B68: BB-MKT-00148 | C68: S008 | D68: DigitalHub USA | E68: Headphones | F68: JBL | G68: 897070599637 | H68: 0897070599637 | I68: JBL QuietComfort 45 On-ear Wired Headphones | J68: 331.43 | K68: 2024-08-30 | L68: DUPLICATE_SKU | M68: =IF(G68<>"","PASS","FAIL - Missing UPC") -> PASS | N68: =IF(AND(G68<>"",H68<>""),IF("0"&G68=H68,"PASS","FAIL - GTIN Mismatch"),"SKIP") -> PASS | O68: =IF(I68="","FAIL - No Title",IF(LEN(I68)<=126,"PASS","FAIL - Title >"&126&" chars")) -> PASS | P68: =IF(J68>0,IF(J68<5000,"PASS","FLAG - Review Price"),"FAIL - Zero Price") -> PASS | Q68: =IF('Raw Catalog'!P66<>"","PASS","FAIL - No Image") -> PASS | R68: =IF(F68<>"","PASS","FAIL - No Brand") -> PASS | S68: =IF(K68="","FAIL - No Date",IF(TODAY()-DATEVALUE(K68)<=180,"PASS","FLAG - Stale >180d")) -> FLAG - Stale >180d | T68: =COUNTIF(M68:S68,"FAIL*")+COUNTIF(M68:S68,"FLAG*") -> 1 | U68: =IF(T68=0,"CLEAN",IF(T68=1,"MINOR",IF(T68<=3,"MODERATE","CRITICAL"))) -> MINOR | V68: =IF(U68="CLEAN","None",IF(U68="MINOR","Seller Notify",IF(U68="MODERATE","Listing Suspended","Immediate Removal"))) -> Seller Notify
A69: 66 | B69: BB-MKT-00108 | C69: S002 | D69: EliteGadgets Inc | E69: Headphones | F69: Sony | G69: 200663178163 | H69: 0200663178163 | I69: Sony Studio Pro Over-ear Wired Headphones | J69: 489.01 | K69: 2024-07-28 | M69: =IF(G69<>"","PASS","FAIL - Missing UPC") -> PASS | N69: =IF(AND(G69<>"",H69<>""),IF("0"&G69=H69,"PASS","FAIL - GTIN Mismatch"),"SKIP") -> PASS | O69: =IF(I69="","FAIL - No Title",IF(LEN(I69)<=126,"PASS","FAIL - Title >"&126&" chars")) -> PASS | P69: =IF(J69>0,IF(J69<5000,"PASS","FLAG - Review Price"),"FAIL - Zero Price") -> PASS | Q69: =IF('Raw Catalog'!P67<>"","PASS","FAIL - No Image") -> PASS | R69: =IF(F69<>"","PASS","FAIL - No Brand") -> PASS | S69: =IF(K69="","FAIL - No Date",IF(TODAY()-DATEVALUE(K69)<=180,"PASS","FLAG - Stale >180d")) -> FLAG - Stale >180d | T69: =COUNTIF(M69:S69,"FAIL*")+COUNTIF(M69:S69,"FLAG*") -> 1 | U69: =IF(T69=0,"CLEAN",IF(T69=1,"MINOR",IF(T69<=3,"MODERATE","CRITICAL"))) -> MINOR | V69: =IF(U69="CLEAN","None",IF(U69="MINOR","Seller Notify",IF(U69="MODERATE","Listing Suspended","Immediate Removal"))) -> Seller Notify
A70: 67 | B70: BB-MKT-00496 | C70: S001 | D70: TechDirect LLC | E70: Smart Home | F70: Google | G70: 920985028652 | H70: 0920985028652 | I70: Google Video Doorbell Pro 2 Smart Home Device | J70: 221.82 | K70: 2024-08-02 | M70: =IF(G70<>"","PASS","FAIL - Missing UPC") -> PASS | N70: =IF(AND(G70<>"",H70<>""),IF("0"&G70=H70,"PASS","FAIL - GTIN Mismatch"),"SKIP") -> PASS | O70: =IF(I70="","FAIL - No Title",IF(LEN(I70)<=126,"PASS","FAIL - Title >"&126&" chars")) -> PASS | P70: =IF(J70>0,IF(J70<5000,"PASS","FLAG - Review Price"),"FAIL - Zero Price") -> PASS | Q70: =IF('Raw Catalog'!P68<>"","PASS","FAIL - No Image") -> PASS | R70: =IF(F70<>"","PASS","FAIL - No Brand") -> PASS | S70: =IF(K70="","FAIL - No Date",IF(TODAY()-DATEVALUE(K70)<=180,"PASS","FLAG - Stale >180d")) -> FLAG - Stale >180d | T70: =COUNTIF(M70:S70,"FAIL*")+COUNTIF(M70:S70,"FLAG*") -> 1 | U70: =IF(T70=0,"CLEAN",IF(T70=1,"MINOR",IF(T70<=3,"MODERATE","CRITICAL"))) -> MINOR | V70: =IF(U70="CLEAN","None",IF(U70="MINOR","Seller Notify",IF(U70="MODERATE","Listing Suspended","Immediate Removal"))) -> Seller Notify
A71: 68 | B71: BB-MKT-00118 | C71: S005 | D71: ConnectPro Sales | E71: Tablets | F71: Amazon | G71: 899045831074 | H71: 0899045831074 | I71: Amazon Tab P12 Pro 12.4" 128GB Tablet | J71: 464.74 | K71: 2024-07-30 | M71: =IF(G71<>"","PASS","FAIL - Missing UPC") -> PASS | N71: =IF(AND(G71<>"",H71<>""),IF("0"&G71=H71,"PASS","FAIL - GTIN Mismatch"),"SKIP") -> PASS | O71: =IF(I71="","FAIL - No Title",IF(LEN(I71)<=126,"PASS","FAIL - Title >"&126&" chars")) -> PASS | P71: =IF(J71>0,IF(J71<5000,"PASS","FLAG - Review Price"),"FAIL - Zero Price") -> PASS | Q71: =IF('Raw Catalog'!P69<>"","PASS","FAIL - No Image") -> PASS | R71: =IF(F71<>"","PASS","FAIL - No Brand") -> PASS | S71: =IF(K71="","FAIL - No Date",IF(TODAY()-DATEVALUE(K71)<=180,"PASS","FLAG - Stale >180d")) -> FLAG - Stale >180d | T71: =COUNTIF(M71:S71,"FAIL*")+COUNTIF(M71:S71,"FLAG*") -> 1 | U71: =IF(T71=0,"CLEAN",IF(T71=1,"MINOR",IF(T71<=3,"MODERATE","CRITICAL"))) -> MINOR | V71: =IF(U71="CLEAN","None",IF(U71="MINOR","Seller Notify",IF(U71="MODERATE","Listing Suspended","Immediate Removal"))) -> Seller Notify
A72: 69 | B72: BB-MKT-00330 | C72: S005 | D72: ConnectPro Sales | E72: Tablets | F72: Samsung | G72: 399448622255 | H72: 0399448622255 | I72: Samsung Fire HD 10 12.9" 128GB Tablet | J72: 1133.76 | K72: 2024-09-15 | M72: =IF(G72<>"","PASS","FAIL - Missing UPC") -> PASS | N72: =IF(AND(G72<>"",H72<>""),IF("0"&G72=H72,"PASS","FAIL - GTIN Mismatch"),"SKIP") -> PASS | O72: =IF(I72="","FAIL - No Title",IF(LEN(I72)<=126,"PASS","FAIL - Title >"&126&" chars")) -> PASS | P72: =IF(J72>0,IF(J72<5000,"PASS","FLAG - Review Price"),"FAIL - Zero Price") -> PASS | Q72: =IF('Raw Catalog'!P70<>"","PASS","FAIL - No Image") -> PASS | R72: =IF(F72<>"","PASS","FAIL - No Brand") -> PASS | S72: =IF(K72="","FAIL - No Date",IF(TODAY()-DATEVALUE(K72)<=180,"PASS","FLAG - Stale >180d")) -> FLAG - Stale >180d | T72: =COUNTIF(M72:S72,"FAIL*")+COUNTIF(M72:S72,"FLAG*") -> 1 | U72: =IF(T72=0,"CLEAN",IF(T72=1,"MINOR",IF(T72<=3,"MODERATE","CRITICAL"))) -> MINOR | V72: =IF(U72="CLEAN","None",IF(U72="MINOR","Seller Notify",IF(U72="MODERATE","Listing Suspended","Immediate Removal"))) -> Seller Notify
A73: 70 | B73: BB-MKT-00247 | C73: S005 | D73: ConnectPro Sales | E73: Smart Home | F73: Nest | G73: 370830447947 | H73: 0370830447947 | I73: Nest Nest Hub Max Smart Home Device | J73: 52.76 | K73: 2024-11-18 | M73: =IF(G73<>"","PASS","FAIL - Missing UPC") -> PASS | N73: =IF(AND(G73<>"",H73<>""),IF("0"&G73=H73,"PASS","FAIL - GTIN Mismatch"),"SKIP") -> PASS | O73: =IF(I73="","FAIL - No Title",IF(LEN(I73)<=126,"PASS","FAIL - Title >"&126&" chars")) -> PASS | P73: =IF(J73>0,IF(J73<5000,"PASS","FLAG - Review Price"),"FAIL - Zero Price") -> PASS | Q73: =IF('Raw Catalog'!P71<>"","PASS","FAIL - No Image") -> PASS | R73: =IF(F73<>"","PASS","FAIL - No Brand") -> PASS | S73: =IF(K73="","FAIL - No Date",IF(TODAY()-DATEVALUE(K73)<=180,"PASS","FLAG - Stale >180d")) -> FLAG - Stale >180d | T73: =COUNTIF(M73:S73,"FAIL*")+COUNTIF(M73:S73,"FLAG*") -> 1 | U73: =IF(T73=0,"CLEAN",IF(T73=1,"MINOR",IF(T73<=3,"MODERATE","CRITICAL"))) -> MINOR | V73: =IF(U73="CLEAN","None",IF(U73="MINOR","Seller Notify",IF(U73="MODERATE","Listing Suspended","Immediate Removal"))) -> Seller Notify
A74: 71 | B74: BB-MKT-00618 | C74: S008 | D74: DigitalHub USA | E74: Laptops | F74: Dell | G74: 238316071754 | H74: 0238316071754 | I74: Dell Katana 15 14" Laptop - 64GB RAM 256GB SSD | J74: 1643.52 | K74: 2024-10-13 | M74: =IF(G74<>"","PASS","FAIL - Missing UPC") -> PASS | N74: =IF(AND(G74<>"",H74<>""),IF("0"&G74=H74,"PASS","FAIL - GTIN Mismatch"),"SKIP") -> PASS | O74: =IF(I74="","FAIL - No Title",IF(LEN(I74)<=126,"PASS","FAIL - Title >"&126&" chars")) -> PASS | P74: =IF(J74>0,IF(J74<5000,"PASS","FLAG - Review Price"),"FAIL - Zero Price") -> PASS | Q74: =IF('Raw Catalog'!P72<>"","PASS","FAIL - No Image") -> PASS | R74: =IF(F74<>"","PASS","FAIL - No Brand") -> PASS | S74: =IF(K74="","FAIL - No Date",IF(TODAY()-DATEVALUE(K74)<=180,"PASS","FLAG - Stale >180d")) -> FLAG - Stale >180d | T74: =COUNTIF(M74:S74,"FAIL*")+COUNTIF(M74:S74,"FLAG*") -> 1 | U74: =IF(T74=0,"CLEAN",IF(T74=1,"MINOR",IF(T74<=3,"MODERATE","CRITICAL"))) -> MINOR | V74: =IF(U74="CLEAN","None",IF(U74="MINOR","Seller Notify",IF(U74="MODERATE","Listing Suspended","Immediate Removal"))) -> Seller Notify
A75: 72 | B75: BB-MKT-00899 | C75: S007 | D75: SmartBuy Co | E75: Laptops | F75: Apple | G75: 930009936596 | H75: 0930009936596 | I75: Apple VivoBook 16 16" Laptop - 16GB RAM 1024GB SSD | J75: 1433.47 | K75: 2025-03-05 | M75: =IF(G75<>"","PASS","FAIL - Missing UPC") -> PASS | N75: =IF(AND(G75<>"",H75<>""),IF("0"&G75=H75,"PASS","FAIL - GTIN Mismatch"),"SKIP") -> PASS | O75: =IF(I75="","FAIL - No Title",IF(LEN(I75)<=126,"PASS","FAIL - Title >"&126&" chars")) -> PASS | P75: =IF(J75>0,IF(J75<5000,"PASS","FLAG - Review Price"),"FAIL - Zero Price") -> PASS | Q75: =IF('Raw Catalog'!P73<>"","PASS","FAIL - No Image") -> PASS | R75: =IF(F75<>"","PASS","FAIL - No Brand") -> PASS | S75: =IF(K75="","FAIL - No Date",IF(TODAY()-DATEVALUE(K75)<=180,"PASS","FLAG - Stale >180d")) -> FLAG - Stale >180d | T75: =COUNTIF(M75:S75,"FAIL*")+COUNTIF(M75:S75,"FLAG*") -> 1 | U75: =IF(T75=0,"CLEAN",IF(T75=1,"MINOR",IF(T75<=3,"MODERATE","CRITICAL"))) -> MINOR | V75: =IF(U75="CLEAN","None",IF(U75="MINOR","Seller Notify",IF(U75="MODERATE","Listing Suspended","Immediate Removal"))) -> Seller Notify
A76: 73 | B76: BB-MKT-00550 | C76: S007 | D76: SmartBuy Co | E76: Smart Home | F76: Wyze | G76: 797927148904 | H76: 0230535362395 | I76: Wyze Cam OG Smart Home Device | J76: 3766.97 | K76: 2025-01-30 | L76: GTIN_UPC_MISMATCH | M76: =IF(G76<>"","PASS","FAIL - Missing UPC") -> PASS | N76: =IF(AND(G76<>"",H76<>""),IF("0"&G76=H76,"PASS","FAIL - GTIN Mismatch"),"SKIP") -> FAIL - GTIN Mismatch | O76: =IF(I76="","FAIL - No Title",IF(LEN(I76)<=126,"PASS","FAIL - Title >"&126&" chars")) -> PASS | P76: =IF(J76>0,IF(J76<5000,"PASS","FLAG - Review Price"),"FAIL - Zero Price") -> PASS | Q76: =IF('Raw Catalog'!P74<>"","PASS","FAIL - No Image") -> PASS | R76: =IF(F76<>"","PASS","FAIL - No Brand") -> PASS | S76: =IF(K76="","FAIL - No Date",IF(TODAY()-DATEVALUE(K76)<=180,"PASS","FLAG - Stale >180d")) -> FLAG - Stale >180d | T76: =COUNTIF(M76:S76,"FAIL*")+COUNTIF(M76:S76,"FLAG*") -> 2 | U76: =IF(T76=0,"CLEAN",IF(T76=1,"MINOR",IF(T76<=3,"MODERATE","CRITICAL"))) -> MODERATE | V76: =IF(U76="CLEAN","None",IF(U76="MINOR","Seller Notify",IF(U76="MODERATE","Listing Suspended","Immediate Removal"))) -> Listing Suspended
A77: 74 | B77: BB-MKT-00674 | C77: S007 | D77: SmartBuy Co | E77: Laptops | F77: Lenovo | G77: 562617737537 | H77: 0562617737537 | I77: Lenovo XPS 15 15.6" Laptop - 32GB RAM 512GB SSD | J77: 2278.72 | K77: 2024-07-27 | M77: =IF(G77<>"","PASS","FAIL - Missing UPC") -> PASS | N77: =IF(AND(G77<>"",H77<>""),IF("0"&G77=H77,"PASS","FAIL - GTIN Mismatch"),"SKIP") -> PASS | O77: =IF(I77="","FAIL - No Title",IF(LEN(I77)<=126,"PASS","FAIL - Title >"&126&" chars")) -> PASS | P77: =IF(J77>0,IF(J77<5000,"PASS","FLAG - Review Price"),"FAIL - Zero Price") -> PASS | Q77: =IF('Raw Catalog'!P75<>"","PASS","FAIL - No Image") -> PASS | R77: =IF(F77<>"","PASS","FAIL - No Brand") -> PASS | S77: =IF(K77="","FAIL - No Date",IF(TODAY()-DATEVALUE(K77)<=180,"PASS","FLAG - Stale >180d")) -> FLAG - Stale >180d | T77: =COUNTIF(M77:S77,"FAIL*")+COUNTIF(M77:S77,"FLAG*") -> 1 | U77: =IF(T77=0,"CLEAN",IF(T77=1,"MINOR",IF(T77<=3,"MODERATE","CRITICAL"))) -> MINOR | V77: =IF(U77="CLEAN","None",IF(U77="MINOR","Seller Notify",IF(U77="MODERATE","Listing Suspended","Immediate Removal"))) -> Seller Notify
A78: 75 | B78: BB-MKT-00866 | C78: S003 | D78: PrimeElectronics | E78: TVs | F78: TCL | G78: 853106567568 | H78: 0853106567568 | I78: TCL 75" 4K UHD Smart TV V-Series | J78: 3262.31 | K78: 2024-09-04 | M78: =IF(G78<>"","PASS","FAIL - Missing UPC") -> PASS | N78: =IF(AND(G78<>"",H78<>""),IF("0"&G78=H78,"PASS","FAIL - GTIN Mismatch"),"SKIP") -> PASS | O78: =IF(I78="","FAIL - No Title",IF(LEN(I78)<=126,"PASS","FAIL - Title >"&126&" chars")) -> PASS | P78: =IF(J78>0,IF(J78<5000,"PASS","FLAG - Review Price"),"FAIL - Zero Price") -> PASS | Q78: =IF('Raw Catalog'!P76<>"","PASS","FAIL - No Image") -> PASS | R78: =IF(F78<>"","PASS","FAIL - No Brand") -> PASS | S78: =IF(K78="","FAIL - No Date",IF(TODAY()-DATEVALUE(K78)<=180,"PASS","FLAG - Stale >180d")) -> FLAG - Stale >180d | T78: =COUNTIF(M78:S78,"FAIL*")+COUNTIF(M78:S78,"FLAG*") -> 1 | U78: =IF(T78=0,"CLEAN",IF(T78=1,"MINOR",IF(T78<=3,"MODERATE","CRITICAL"))) -> MINOR | V78: =IF(U78="CLEAN","None",IF(U78="MINOR","Seller Notify",IF(U78="MODERATE","Listing Suspended","Immediate Removal"))) -> Seller Notify
A79: 76 | B79: BB-MKT-00103 | C79: S005 | D79: ConnectPro Sales | E79: Tablets | F79: Samsung | G79: 240931555521 | H79: 0240931555521 | I79: Samsung Fire HD 10 11" 64GB Tablet | J79: 891.93 | K79: 2024-07-10 | M79: =IF(G79<>"","PASS","FAIL - Missing UPC") -> PASS | N79: =IF(AND(G79<>"",H79<>""),IF("0"&G79=H79,"PASS","FAIL - GTIN Mismatch"),"SKIP") -> PASS | O79: =IF(I79="","FAIL - No Title",IF(LEN(I79)<=126,"PASS","FAIL - Title >"&126&" chars")) -> PASS | P79: =IF(J79>0,IF(J79<5000,"PASS","FLAG - Review Price"),"FAIL - Zero Price") -> PASS | Q79: =IF('Raw Catalog'!P77<>"","PASS","FAIL - No Image") -> PASS | R79: =IF(F79<>"","PASS","FAIL - No Brand") -> PASS | S79: =IF(K79="","FAIL - No Date",IF(TODAY()-DATEVALUE(K79)<=180,"PASS","FLAG - Stale >180d")) -> FLAG - Stale >180d | T79: =COUNTIF(M79:S79,"FAIL*")+COUNTIF(M79:S79,"FLAG*") -> 1 | U79: =IF(T79=0,"CLEAN",IF(T79=1,"MINOR",IF(T79<=3,"MODERATE","CRITICAL"))) -> MINOR | V79: =IF(U79="CLEAN","None",IF(U79="MINOR","Seller Notify",IF(U79="MODERATE","Listing Suspended","Immediate Removal"))) -> Seller Notify
A80: 77 | B80: BB-MKT-00458 | C80: S005 | D80: ConnectPro Sales | E80: Laptops | F80: HP | G80: 280062774333 | H80: 0280062774333 | I80: HP IdeaPad 5 14" Laptop - 32GB RAM 512GB SSD | J80: 781.79 | K80: 2024-09-17 | M80: =IF(G80<>"","PASS","FAIL - Missing UPC") -> PASS | N80: =IF(AND(G80<>"",H80<>""),IF("0"&G80=H80,"PASS","FAIL - GTIN Mismatch"),"SKIP") -> PASS | O80: =IF(I80="","FAIL - No Title",IF(LEN(I80)<=126,"PASS","FAIL - Title >"&126&" chars")) -> PASS | P80: =IF(J80>0,IF(J80<5000,"PASS","FLAG - Review Price"),"FAIL - Zero Price") -> PASS | Q80: =IF('Raw Catalog'!P78<>"","PASS","FAIL - No Image") -> PASS | R80: =IF(F80<>"","PASS","FAIL - No Brand") -> PASS | S80: =IF(K80="","FAIL - No Date",IF(TODAY()-DATEVALUE(K80)<=180,"PASS","FLAG - Stale >180d")) -> FLAG - Stale >180d | T80: =COUNTIF(M80:S80,"FAIL*")+COUNTIF(M80:S80,"FLAG*") -> 1 | U80: =IF(T80=0,"CLEAN",IF(T80=1,"MINOR",IF(T80<=3,"MODERATE","CRITICAL"))) -> MINOR | V80: =IF(U80="CLEAN","None",IF(U80="MINOR","Seller Notify",IF(U80="MODERATE","Listing Suspended","Immediate Removal"))) -> Seller Notify
A81: 78 | B81: BB-MKT-00581 | C81: S001 | D81: TechDirect LLC | E81: TVs | F81: Hisense | G81: 323237413951 | H81: 0323237413951 | I81: Hisense 43" 8K Smart TV U8K - EXTREMELY DETAILED SPEC DESCRIPTION THAT GOES WAY BEYOND THE ALLOWED CHARACTER LIMIT FOR BEST BUY MARKETPLACE LISTINGS | J81: 1529.82 | K81: 2025-02-25 | L81: TITLE_TOO_LONG | M81: =IF(G81<>"","PASS","FAIL - Missing UPC") -> PASS | N81: =IF(AND(G81<>"",H81<>""),IF("0"&G81=H81,"PASS","FAIL - GTIN Mismatch"),"SKIP") -> PASS | O81: =IF(I81="","FAIL - No Title",IF(LEN(I81)<=126,"PASS","FAIL - Title >"&126&" chars")) -> FAIL - Title >126 chars | P81: =IF(J81>0,IF(J81<5000,"PASS","FLAG - Review Price"),"FAIL - Zero Price") -> PASS | Q81: =IF('Raw Catalog'!P79<>"","PASS","FAIL - No Image") -> PASS | R81: =IF(F81<>"","PASS","FAIL - No Brand") -> PASS | S81: =IF(K81="","FAIL - No Date",IF(TODAY()-DATEVALUE(K81)<=180,"PASS","FLAG - Stale >180d")) -> FLAG - Stale >180d | T81: =COUNTIF(M81:S81,"FAIL*")+COUNTIF(M81:S81,"FLAG*") -> 2 | U81: =IF(T81=0,"CLEAN",IF(T81=1,"MINOR",IF(T81<=3,"MODERATE","CRITICAL"))) -> MODERATE | V81: =IF(U81="CLEAN","None",IF(U81="MINOR","Seller Notify",IF(U81="MODERATE","Listing Suspended","Immediate Removal"))) -> Listing Suspended
A82: 79 | B82: BB-MKT-00561 | C82: S001 | D82: TechDirect LLC | E82: TVs | F82: LG | G82: 657282271538 | H82: 0657282271538 | I82: LG 75" 4K UHD Smart TV U8K | J82: 1258.83 | K82: 2025-01-25 | M82: =IF(G82<>"","PASS","FAIL - Missing UPC") -> PASS | N82: =IF(AND(G82<>"",H82<>""),IF("0"&G82=H82,"PASS","FAIL - GTIN Mismatch"),"SKIP") -> PASS | O82: =IF(I82="","FAIL - No Title",IF(LEN(I82)<=126,"PASS","FAIL - Title >"&126&" chars")) -> PASS | P82: =IF(J82>0,IF(J82<5000,"PASS","FLAG - Review Price"),"FAIL - Zero Price") -> PASS | Q82: =IF('Raw Catalog'!P80<>"","PASS","FAIL - No Image") -> PASS | R82: =IF(F82<>"","PASS","FAIL - No Brand") -> PASS | S82: =IF(K82="","FAIL - No Date",IF(TODAY()-DATEVALUE(K82)<=180,"PASS","FLAG - Stale >180d")) -> FLAG - Stale >180d | T82: =COUNTIF(M82:S82,"FAIL*")+COUNTIF(M82:S82,"FLAG*") -> 1 | U82: =IF(T82=0,"CLEAN",IF(T82=1,"MINOR",IF(T82<=3,"MODERATE","CRITICAL"))) -> MINOR | V82: =IF(U82="CLEAN","None",IF(U82="MINOR","Seller Notify",IF(U82="MODERATE","Listing Suspended","Immediate Removal"))) -> Seller Notify
A83: 80 | B83: BB-MKT-00450 | C83: S001 | D83: TechDirect LLC | E83: Tablets | F83: Lenovo | G83: 798807938281 | H83: 0798807938281 | I83: Lenovo Galaxy Tab S9 10.1" 512GB Tablet | J83: 591.61 | K83: 2024-07-17 | M83: =IF(G83<>"","PASS","FAIL - Missing UPC") -> PASS | N83: =IF(AND(G83<>"",H83<>""),IF("0"&G83=H83,"PASS","FAIL - GTIN Mismatch"),"SKIP") -> PASS | O83: =IF(I83="","FAIL - No Title",IF(LEN(I83)<=126,"PASS","FAIL - Title >"&126&" chars")) -> PASS | P83: =IF(J83>0,IF(J83<5000,"PASS","FLAG - Review Price"),"FAIL - Zero Price") -> PASS | Q83: =IF('Raw Catalog'!P81<>"","PASS","FAIL - No Image") -> PASS | R83: =IF(F83<>"","PASS","FAIL - No Brand") -> PASS | S83: =IF(K83="","FAIL - No Date",IF(TODAY()-DATEVALUE(K83)<=180,"PASS","FLAG - Stale >180d")) -> FLAG - Stale >180d | T83: =COUNTIF(M83:S83,"FAIL*")+COUNTIF(M83:S83,"FLAG*") -> 1 | U83: =IF(T83=0,"CLEAN",IF(T83=1,"MINOR",IF(T83<=3,"MODERATE","CRITICAL"))) -> MINOR | V83: =IF(U83="CLEAN","None",IF(U83="MINOR","Seller Notify",IF(U83="MODERATE","Listing Suspended","Immediate Removal"))) -> Seller Notify
A84: 81 | B84: BB-MKT-00905 | C84: S001 | D84: TechDirect LLC | E84: Tablets | F84: Apple | G84: 997731829200 | H84: 0997731829200 | I84: Apple Tab P12 Pro 10.1" 256GB Tablet | J84: 6916.78 | K84: 2025-01-08 | L84: PRICE_ANOMALY | M84: =IF(G84<>"","PASS","FAIL - Missing UPC") -> PASS | N84: =IF(AND(G84<>"",H84<>""),IF("0"&G84=H84,"PASS","FAIL - GTIN Mismatch"),"SKIP") -> PASS | O84: =IF(I84="","FAIL - No Title",IF(LEN(I84)<=126,"PASS","FAIL - Title >"&126&" chars")) -> PASS | P84: =IF(J84>0,IF(J84<5000,"PASS","FLAG - Review Price"),"FAIL - Zero Price") -> FLAG - Review Price | Q84: =IF('Raw Catalog'!P82<>"","PASS","FAIL - No Image") -> PASS | R84: =IF(F84<>"","PASS","FAIL - No Brand") -> PASS | S84: =IF(K84="","FAIL - No Date",IF(TODAY()-DATEVALUE(K84)<=180,"PASS","FLAG - Stale >180d")) -> FLAG - Stale >180d | T84: =COUNTIF(M84:S84,"FAIL*")+COUNTIF(M84:S84,"FLAG*") -> 2 | U84: =IF(T84=0,"CLEAN",IF(T84=1,"MINOR",IF(T84<=3,"MODERATE","CRITICAL"))) -> MODERATE | V84: =IF(U84="CLEAN","None",IF(U84="MINOR","Seller Notify",IF(U84="MODERATE","Listing Suspended","Immediate Removal"))) -> Listing Suspended
A85: 82 | B85: BB-MKT-00445 | C85: S003 | D85: PrimeElectronics | E85: TVs | F85: Samsung | G85: 860347056632 | H85: 0860347056632 | I85: Samsung Surface Pro 9 10.1" 256GB Tablet | J85: 305.98 | K85: 2025-01-31 | L85: CATEGORY_MISMATCH | M85: =IF(G85<>"","PASS","FAIL - Missing UPC") -> PASS | N85: =IF(AND(G85<>"",H85<>""),IF("0"&G85=H85,"PASS","FAIL - GTIN Mismatch"),"SKIP") -> PASS | O85: =IF(I85="","FAIL - No Title",IF(LEN(I85)<=126,"PASS","FAIL - Title >"&126&" chars")) -> PASS | P85: =IF(J85>0,IF(J85<5000,"PASS","FLAG - Review Price"),"FAIL - Zero Price") -> PASS | Q85: =IF('Raw Catalog'!P83<>"","PASS","FAIL - No Image") -> PASS | R85: =IF(F85<>"","PASS","FAIL - No Brand") -> PASS | S85: =IF(K85="","FAIL - No Date",IF(TODAY()-DATEVALUE(K85)<=180,"PASS","FLAG - Stale >180d")) -> FLAG - Stale >180d | T85: =COUNTIF(M85:S85,"FAIL*")+COUNTIF(M85:S85,"FLAG*") -> 1 | U85: =IF(T85=0,"CLEAN",IF(T85=1,"MINOR",IF(T85<=3,"MODERATE","CRITICAL"))) -> MINOR | V85: =IF(U85="CLEAN","None",IF(U85="MINOR","Seller Notify",IF(U85="MODERATE","Listing Suspended","Immediate Removal"))) -> Seller Notify
A86: 83 | B86: BB-MKT-00068 | C86: S001 | D86: TechDirect LLC | E86: Smart Home | F86: Amazon | G86: 577129546141 | H86: 0577129546141 | I86: Amazon Nest Hub Max Smart Home Device | J86: 237.53 | K86: 2024-07-15 | M86: =IF(G86<>"","PASS","FAIL - Missing UPC") -> PASS | N86: =IF(AND(G86<>"",H86<>""),IF("0"&G86=H86,"PASS","FAIL - GTIN Mismatch"),"SKIP") -> PASS | O86: =IF(I86="","FAIL - No Title",IF(LEN(I86)<=126,"PASS","FAIL - Title >"&126&" chars")) -> PASS | P86: =IF(J86>0,IF(J86<5000,"PASS","FLAG - Review Price"),"FAIL - Zero Price") -> PASS | Q86: =IF('Raw Catalog'!P84<>"","PASS","FAIL - No Image") -> PASS | R86: =IF(F86<>"","PASS","FAIL - No Brand") -> PASS | S86: =IF(K86="","FAIL - No Date",IF(TODAY()-DATEVALUE(K86)<=180,"PASS","FLAG - Stale >180d")) -> FLAG - Stale >180d | T86: =COUNTIF(M86:S86,"FAIL*")+COUNTIF(M86:S86,"FLAG*") -> 1 | U86: =IF(T86=0,"CLEAN",IF(T86=1,"MINOR",IF(T86<=3,"MODERATE","CRITICAL"))) -> MINOR | V86: =IF(U86="CLEAN","None",IF(U86="MINOR","Seller Notify",IF(U86="MODERATE","Listing Suspended","Immediate Removal"))) -> Seller Notify
A87: 84 | B87: BB-MKT-00285 | C87: S004 | D87: ValueTech Store | E87: Headphones | F87: Beats | H87: 0590889755438 | I87: Beats Momentum 4 In-ear Both Headphones | J87: 126.23 | K87: 2024-08-31 | L87: MISSING_UPC | M87: =IF(G87<>"","PASS","FAIL - Missing UPC") -> FAIL - Missing UPC | N87: =IF(AND(G87<>"",H87<>""),IF("0"&G87=H87,"PASS","FAIL - GTIN Mismatch"),"SKIP") -> SKIP | O87: =IF(I87="","FAIL - No Title",IF(LEN(I87)<=126,"PASS","FAIL - Title >"&126&" chars")) -> PASS | P87: =IF(J87>0,IF(J87<5000,"PASS","FLAG - Review Price"),"FAIL - Zero Price") -> PASS | Q87: =IF('Raw Catalog'!P85<>"","PASS","FAIL - No Image") -> PASS | R87: =IF(F87<>"","PASS","FAIL - No Brand") -> PASS | S87: =IF(K87="","FAIL - No Date",IF(TODAY()-DATEVALUE(K87)<=180,"PASS","FLAG - Stale >180d")) -> FLAG - Stale >180d | T87: =COUNTIF(M87:S87,"FAIL*")+COUNTIF(M87:S87,"FLAG*") -> 2 | U87: =IF(T87=0,"CLEAN",IF(T87=1,"MINOR",IF(T87<=3,"MODERATE","CRITICAL"))) -> MODERATE | V87: =IF(U87="CLEAN","None",IF(U87="MINOR","Seller Notify",IF(U87="MODERATE","Listing Suspended","Immediate Removal"))) -> Listing Suspended
A88: 85 | B88: BB-MKT-00653 | C88: S004 | D88: ValueTech Store | E88: Laptops | F88: Apple | G88: 427025971044 | H88: 0427025971044 | I88: Apple Katana 15 13.3" Laptop - 8GB RAM 256GB SSD | J88: 1663.5 | K88: 2024-11-20 | M88: =IF(G88<>"","PASS","FAIL - Missing UPC") -> PASS | N88: =IF(AND(G88<>"",H88<>""),IF("0"&G88=H88,"PASS","FAIL - GTIN Mismatch"),"SKIP") -> PASS | O88: =IF(I88="","FAIL - No Title",IF(LEN(I88)<=126,"PASS","FAIL - Title >"&126&" chars")) -> PASS | P88: =IF(J88>0,IF(J88<5000,"PASS","FLAG - Review Price"),"FAIL - Zero Price") -> PASS | Q88: =IF('Raw Catalog'!P86<>"","PASS","FAIL - No Image") -> PASS | R88: =IF(F88<>"","PASS","FAIL - No Brand") -> PASS | S88: =IF(K88="","FAIL - No Date",IF(TODAY()-DATEVALUE(K88)<=180,"PASS","FLAG - Stale >180d")) -> FLAG - Stale >180d | T88: =COUNTIF(M88:S88,"FAIL*")+COUNTIF(M88:S88,"FLAG*") -> 1 | U88: =IF(T88=0,"CLEAN",IF(T88=1,"MINOR",IF(T88<=3,"MODERATE","CRITICAL"))) -> MINOR | V88: =IF(U88="CLEAN","None",IF(U88="MINOR","Seller Notify",IF(U88="MODERATE","Listing Suspended","Immediate Removal"))) -> Seller Notify
A89: 86 | B89: BB-MKT-00775 | C89: S004 | D89: ValueTech Store | E89: Smart Home | F89: Jabra | G89: 266025908976 | H89: 0266025908976 | I89: Jabra Momentum 4 On-ear Both Headphones | J89: 267.93 | K89: 2024-11-20 | L89: CATEGORY_MISMATCH | M89: =IF(G89<>"","PASS","FAIL - Missing UPC") -> PASS | N89: =IF(AND(G89<>"",H89<>""),IF("0"&G89=H89,"PASS","FAIL - GTIN Mismatch"),"SKIP") -> PASS | O89: =IF(I89="","FAIL - No Title",IF(LEN(I89)<=126,"PASS","FAIL - Title >"&126&" chars")) -> PASS | P89: =IF(J89>0,IF(J89<5000,"PASS","FLAG - Review Price"),"FAIL - Zero Price") -> PASS | Q89: =IF('Raw Catalog'!P87<>"","PASS","FAIL - No Image") -> PASS | R89: =IF(F89<>"","PASS","FAIL - No Brand") -> PASS | S89: =IF(K89="","FAIL - No Date",IF(TODAY()-DATEVALUE(K89)<=180,"PASS","FLAG - Stale >180d")) -> FLAG - Stale >180d | T89: =COUNTIF(M89:S89,"FAIL*")+COUNTIF(M89:S89,"FLAG*") -> 1 | U89: =IF(T89=0,"CLEAN",IF(T89=1,"MINOR",IF(T89<=3,"MODERATE","CRITICAL"))) -> MINOR | V89: =IF(U89="CLEAN","None",IF(U89="MINOR","Seller Notify",IF(U89="MODERATE","Listing Suspended","Immediate Removal"))) -> Seller Notify
A90: 87 | B90: BB-MKT-00348 | C90: S003 | D90: PrimeElectronics | E90: Headphones | F90: Beats | G90: 781550942568 | H90: 0781550942568 | I90: Beats WH-1000XM5 Over-ear Wireless Headphones | J90: 60.08 | K90: 2025-04-01 | M90: =IF(G90<>"","PASS","FAIL - Missing UPC") -> PASS | N90: =IF(AND(G90<>"",H90<>""),IF("0"&G90=H90,"PASS","FAIL - GTIN Mismatch"),"SKIP") -> PASS | O90: =IF(I90="","FAIL - No Title",IF(LEN(I90)<=126,"PASS","FAIL - Title >"&126&" chars")) -> PASS | P90: =IF(J90>0,IF(J90<5000,"PASS","FLAG - Review Price"),"FAIL - Zero Price") -> PASS | Q90: =IF('Raw Catalog'!P88<>"","PASS","FAIL - No Image") -> PASS | R90: =IF(F90<>"","PASS","FAIL - No Brand") -> PASS | S90: =IF(K90="","FAIL - No Date",IF(TODAY()-DATEVALUE(K90)<=180,"PASS","FLAG - Stale >180d")) -> FLAG - Stale >180d | T90: =COUNTIF(M90:S90,"FAIL*")+COUNTIF(M90:S90,"FLAG*") -> 1 | U90: =IF(T90=0,"CLEAN",IF(T90=1,"MINOR",IF(T90<=3,"MODERATE","CRITICAL"))) -> MINOR | V90: =IF(U90="CLEAN","None",IF(U90="MINOR","Seller Notify",IF(U90="MODERATE","Listing Suspended","Immediate Removal"))) -> Seller Notify
A91: 88 | B91: BB-MKT-00989 | C91: S003 | D91: PrimeElectronics | E91: Headphones | F91: Apple | G91: 230632228619 | H91: 0230632228619 | I91: Apple WH-1000XM5 In-ear Wireless Headphones | J91: 111.31 | K91: 2024-11-21 | M91: =IF(G91<>"","PASS","FAIL - Missing UPC") -> PASS | N91: =IF(AND(G91<>"",H91<>""),IF("0"&G91=H91,"PASS","FAIL - GTIN Mismatch"),"SKIP") -> PASS | O91: =IF(I91="","FAIL - No Title",IF(LEN(I91)<=126,"PASS","FAIL - Title >"&126&" chars")) -> PASS | P91: =IF(J91>0,IF(J91<5000,"PASS","FLAG - Review Price"),"FAIL - Zero Price") -> PASS | Q91: =IF('Raw Catalog'!P89<>"","PASS","FAIL - No Image") -> PASS | R91: =IF(F91<>"","PASS","FAIL - No Brand") -> PASS | S91: =IF(K91="","FAIL - No Date",IF(TODAY()-DATEVALUE(K91)<=180,"PASS","FLAG - Stale >180d")) -> FLAG - Stale >180d | T91: =COUNTIF(M91:S91,"FAIL*")+COUNTIF(M91:S91,"FLAG*") -> 1 | U91: =IF(T91=0,"CLEAN",IF(T91=1,"MINOR",IF(T91<=3,"MODERATE","CRITICAL"))) -> MINOR | V91: =IF(U91="CLEAN","None",IF(U91="MINOR","Seller Notify",IF(U91="MODERATE","Listing Suspended","Immediate Removal"))) -> Seller Notify
A92: 89 | B92: BB-MKT-00295 | C92: S004 | D92: ValueTech Store | E92: TVs | F92: Vizio | G92: 811802029051 | H92: 0811802029051 | I92: Vizio 75" 8K Smart TV 5-Series 4K | J92: 2324.72 | K92: 2024-07-22 | M92: =IF(G92<>"","PASS","FAIL - Missing UPC") -> PASS | N92: =IF(AND(G92<>"",H92<>""),IF("0"&G92=H92,"PASS","FAIL - GTIN Mismatch"),"SKIP") -> PASS | O92: =IF(I92="","FAIL - No Title",IF(LEN(I92)<=126,"PASS","FAIL - Title >"&126&" chars")) -> PASS | P92: =IF(J92>0,IF(J92<5000,"PASS","FLAG - Review Price"),"FAIL - Zero Price") -> PASS | Q92: =IF('Raw Catalog'!P90<>"","PASS","FAIL - No Image") -> PASS | R92: =IF(F92<>"","PASS","FAIL - No Brand") -> PASS | S92: =IF(K92="","FAIL - No Date",IF(TODAY()-DATEVALUE(K92)<=180,"PASS","FLAG - Stale >180d")) -> FLAG - Stale >180d | T92: =COUNTIF(M92:S92,"FAIL*")+COUNTIF(M92:S92,"FLAG*") -> 1 | U92: =IF(T92=0,"CLEAN",IF(T92=1,"MINOR",IF(T92<=3,"MODERATE","CRITICAL"))) -> MINOR | V92: =IF(U92="CLEAN","None",IF(U92="MINOR","Seller Notify",IF(U92="MODERATE","Listing Suspended","Immediate Removal"))) -> Seller Notify
A93: 90 | B93: BB-MKT-00212 | C93: S006 | D93: NextGen Devices | E93: Tablets | F93: Samsung | G93: 371965068780 | H93: 0371965068780 | I93: Samsung Galaxy Tab S9 12.9" 64GB Tablet | J93: 460.95 | K93: 2024-08-31 | M93: =IF(G93<>"","PASS","FAIL - Missing UPC") -> PASS | N93: =IF(AND(G93<>"",H93<>""),IF("0"&G93=H93,"PASS","FAIL - GTIN Mismatch"),"SKIP") -> PASS | O93: =IF(I93="","FAIL - No Title",IF(LEN(I93)<=126,"PASS","FAIL - Title >"&126&" chars")) -> PASS | P93: =IF(J93>0,IF(J93<5000,"PASS","FLAG - Review Price"),"FAIL - Zero Price") -> PASS | Q93: =IF('Raw Catalog'!P91<>"","PASS","FAIL - No Image") -> PASS | R93: =IF(F93<>"","PASS","FAIL - No Brand") -> PASS | S93: =IF(K93="","FAIL - No Date",IF(TODAY()-DATEVALUE(K93)<=180,"PASS","FLAG - Stale >180d")) -> FLAG - Stale >180d | T93: =COUNTIF(M93:S93,"FAIL*")+COUNTIF(M93:S93,"FLAG*") -> 1 | U93: =IF(T93=0,"CLEAN",IF(T93=1,"MINOR",IF(T93<=3,"MODERATE","CRITICAL"))) -> MINOR | V93: =IF(U93="CLEAN","None",IF(U93="MINOR","Seller Notify",IF(U93="MODERATE","Listing Suspended","Immediate Removal"))) -> Seller Notify
A94: 91 | B94: BB-MKT-00779 | C94: S006 | D94: NextGen Devices | E94: Laptops | F94: Arlo | G94: 864966579177 | H94: 0864966579177 | I94: Arlo Hue Starter Kit Smart Home Device | J94: 91.61 | K94: 2024-10-11 | L94: CATEGORY_MISMATCH | M94: =IF(G94<>"","PASS","FAIL - Missing UPC") -> PASS | N94: =IF(AND(G94<>"",H94<>""),IF("0"&G94=H94,"PASS","FAIL - GTIN Mismatch"),"SKIP") -> PASS | O94: =IF(I94="","FAIL - No Title",IF(LEN(I94)<=126,"PASS","FAIL - Title >"&126&" chars")) -> PASS | P94: =IF(J94>0,IF(J94<5000,"PASS","FLAG - Review Price"),"FAIL - Zero Price") -> PASS | Q94: =IF('Raw Catalog'!P92<>"","PASS","FAIL - No Image") -> PASS | R94: =IF(F94<>"","PASS","FAIL - No Brand") -> PASS | S94: =IF(K94="","FAIL - No Date",IF(TODAY()-DATEVALUE(K94)<=180,"PASS","FLAG - Stale >180d")) -> FLAG - Stale >180d | T94: =COUNTIF(M94:S94,"FAIL*")+COUNTIF(M94:S94,"FLAG*") -> 1 | U94: =IF(T94=0,"CLEAN",IF(T94=1,"MINOR",IF(T94<=3,"MODERATE","CRITICAL"))) -> MINOR | V94: =IF(U94="CLEAN","None",IF(U94="MINOR","Seller Notify",IF(U94="MODERATE","Listing Suspended","Immediate Removal"))) -> Seller Notify
A95: 92 | B95: BB-MKT-00082 | C95: S005 | D95: ConnectPro Sales | E95: TVs | F95: Samsung | G95: 966681384799 | H95: 0966681384799 | I95: Samsung 43" 4K UHD Smart TV V-Series | J95: 308.18 | K95: 2025-02-01 | M95: =IF(G95<>"","PASS","FAIL - Missing UPC") -> PASS | N95: =IF(AND(G95<>"",H95<>""),IF("0"&G95=H95,"PASS","FAIL - GTIN Mismatch"),"SKIP") -> PASS | O95: =IF(I95="","FAIL - No Title",IF(LEN(I95)<=126,"PASS","FAIL - Title >"&126&" chars")) -> PASS | P95: =IF(J95>0,IF(J95<5000,"PASS","FLAG - Review Price"),"FAIL - Zero Price") -> PASS | Q95: =IF('Raw Catalog'!P93<>"","PASS","FAIL - No Image") -> PASS | R95: =IF(F95<>"","PASS","FAIL - No Brand") -> PASS | S95: =IF(K95="","FAIL - No Date",IF(TODAY()-DATEVALUE(K95)<=180,"PASS","FLAG - Stale >180d")) -> FLAG - Stale >180d | T95: =COUNTIF(M95:S95,"FAIL*")+COUNTIF(M95:S95,"FLAG*") -> 1 | U95: =IF(T95=0,"CLEAN",IF(T95=1,"MINOR",IF(T95<=3,"MODERATE","CRITICAL"))) -> MINOR | V95: =IF(U95="CLEAN","None",IF(U95="MINOR","Seller Notify",IF(U95="MODERATE","Listing Suspended","Immediate Removal"))) -> Seller Notify
A96: 93 | B96: BB-MKT-00534 | C96: S008 | D96: DigitalHub USA | E96: Tablets | F96: Apple | G96: 355284741551 | H96: 0355284741551 | I96: Apple Galaxy Tab S9 10.1" 256GB Tablet | J96: 824.81 | K96: 2025-02-25 | M96: =IF(G96<>"","PASS","FAIL - Missing UPC") -> PASS | N96: =IF(AND(G96<>"",H96<>""),IF("0"&G96=H96,"PASS","FAIL - GTIN Mismatch"),"SKIP") -> PASS | O96: =IF(I96="","FAIL - No Title",IF(LEN(I96)<=126,"PASS","FAIL - Title >"&126&" chars")) -> PASS | P96: =IF(J96>0,IF(J96<5000,"PASS","FLAG - Review Price"),"FAIL - Zero Price") -> PASS | Q96: =IF('Raw Catalog'!P94<>"","PASS","FAIL - No Image") -> PASS | R96: =IF(F96<>"","PASS","FAIL - No Brand") -> PASS | S96: =IF(K96="","FAIL - No Date",IF(TODAY()-DATEVALUE(K96)<=180,"PASS","FLAG - Stale >180d")) -> FLAG - Stale >180d | T96: =COUNTIF(M96:S96,"FAIL*")+COUNTIF(M96:S96,"FLAG*") -> 1 | U96: =IF(T96=0,"CLEAN",IF(T96=1,"MINOR",IF(T96<=3,"MODERATE","CRITICAL"))) -> MINOR | V96: =IF(U96="CLEAN","None",IF(U96="MINOR","Seller Notify",IF(U96="MODERATE","Listing Suspended","Immediate Removal"))) -> Seller Notify
A97: 94 | B97: BB-MKT-00268 | C97: S007 | D97: SmartBuy Co | E97: Laptops | F97: Dell | G97: 492253611454 | H97: 0492253611454 | I97: Dell Katana 15 14" Laptop - 8GB RAM 256GB SSD | J97: 2243.8 | K97: 2023-12-01 | L97: STALE_LISTING | M97: =IF(G97<>"","PASS","FAIL - Missing UPC") -> PASS | N97: =IF(AND(G97<>"",H97<>""),IF("0"&G97=H97,"PASS","FAIL - GTIN Mismatch"),"SKIP") -> PASS | O97: =IF(I97="","FAIL - No Title",IF(LEN(I97)<=126,"PASS","FAIL - Title >"&126&" chars")) -> PASS | P97: =IF(J97>0,IF(J97<5000,"PASS","FLAG - Review Price"),"FAIL - Zero Price") -> PASS | Q97: =IF('Raw Catalog'!P95<>"","PASS","FAIL - No Image") -> PASS | R97: =IF(F97<>"","PASS","FAIL - No Brand") -> PASS | S97: =IF(K97="","FAIL - No Date",IF(TODAY()-DATEVALUE(K97)<=180,"PASS","FLAG - Stale >180d")) -> FLAG - Stale >180d | T97: =COUNTIF(M97:S97,"FAIL*")+COUNTIF(M97:S97,"FLAG*") -> 1 | U97: =IF(T97=0,"CLEAN",IF(T97=1,"MINOR",IF(T97<=3,"MODERATE","CRITICAL"))) -> MINOR | V97: =IF(U97="CLEAN","None",IF(U97="MINOR","Seller Notify",IF(U97="MODERATE","Listing Suspended","Immediate Removal"))) -> Seller Notify
A98: 95 | B98: BB-MKT-00092 | C98: S002 | D98: EliteGadgets Inc | E98: Headphones | F98: JBL | G98: 437872761622 | H98: 0437872761622 | I98: JBL WH-1000XM5 On-ear Both Headphones | J98: 234.54 | K98: 2024-10-13 | M98: =IF(G98<>"","PASS","FAIL - Missing UPC") -> PASS | N98: =IF(AND(G98<>"",H98<>""),IF("0"&G98=H98,"PASS","FAIL - GTIN Mismatch"),"SKIP") -> PASS | O98: =IF(I98="","FAIL - No Title",IF(LEN(I98)<=126,"PASS","FAIL - Title >"&126&" chars")) -> PASS | P98: =IF(J98>0,IF(J98<5000,"PASS","FLAG - Review Price"),"FAIL - Zero Price") -> PASS | Q98: =IF('Raw Catalog'!P96<>"","PASS","FAIL - No Image") -> PASS | R98: =IF(F98<>"","PASS","FAIL - No Brand") -> PASS | S98: =IF(K98="","FAIL - No Date",IF(TODAY()-DATEVALUE(K98)<=180,"PASS","FLAG - Stale >180d")) -> FLAG - Stale >180d | T98: =COUNTIF(M98:S98,"FAIL*")+COUNTIF(M98:S98,"FLAG*") -> 1 | U98: =IF(T98=0,"CLEAN",IF(T98=1,"MINOR",IF(T98<=3,"MODERATE","CRITICAL"))) -> MINOR | V98: =IF(U98="CLEAN","None",IF(U98="MINOR","Seller Notify",IF(U98="MODERATE","Listing Suspended","Immediate Removal"))) -> Seller Notify
A99: 96 | B99: BB-MKT-00965 | C99: S007 | D99: SmartBuy Co | E99: Smart Home | F99: Arlo | G99: 939442358177 | H99: 0939442358177 | I99: Arlo Nest Hub Max Smart Home Device | J99: 472.8 | K99: 2025-01-10 | M99: =IF(G99<>"","PASS","FAIL - Missing UPC") -> PASS | N99: =IF(AND(G99<>"",H99<>""),IF("0"&G99=H99,"PASS","FAIL - GTIN Mismatch"),"SKIP") -> PASS | O99: =IF(I99="","FAIL - No Title",IF(LEN(I99)<=126,"PASS","FAIL - Title >"&126&" chars")) -> PASS | P99: =IF(J99>0,IF(J99<5000,"PASS","FLAG - Review Price"),"FAIL - Zero Price") -> PASS | Q99: =IF('Raw Catalog'!P97<>"","PASS","FAIL - No Image") -> PASS | R99: =IF(F99<>"","PASS","FAIL - No Brand") -> PASS | S99: =IF(K99="","FAIL - No Date",IF(TODAY()-DATEVALUE(K99)<=180,"PASS","FLAG - Stale >180d")) -> FLAG - Stale >180d | T99: =COUNTIF(M99:S99,"FAIL*")+COUNTIF(M99:S99,"FLAG*") -> 1 | U99: =IF(T99=0,"CLEAN",IF(T99=1,"MINOR",IF(T99<=3,"MODERATE","CRITICAL"))) -> MINOR | V99: =IF(U99="CLEAN","None",IF(U99="MINOR","Seller Notify",IF(U99="MODERATE","Listing Suspended","Immediate Removal"))) -> Seller Notify
A100: 97 | B100: BB-MKT-00771 | C100: S008 | D100: DigitalHub USA | E100: Tablets | F100: Apple | G100: 361221074705 | H100: 0361221074705 | I100: Apple iPad Pro 12.9 12.4" 256GB Tablet | J100: 1093.94 | K100: 2024-09-02 | M100: =IF(G100<>"","PASS","FAIL - Missing UPC") -> PASS | N100: =IF(AND(G100<>"",H100<>""),IF("0"&G100=H100,"PASS","FAIL - GTIN Mismatch"),"SKIP") -> PASS | O100: =IF(I100="","FAIL - No Title",IF(LEN(I100)<=126,"PASS","FAIL - Title >"&126&" chars")) -> PASS | P100: =IF(J100>0,IF(J100<5000,"PASS","FLAG - Review Price"),"FAIL - Zero Price") -> PASS | Q100: =IF('Raw Catalog'!P98<>"","PASS","FAIL - No Image") -> PASS | R100: =IF(F100<>"","PASS","FAIL - No Brand") -> PASS | S100: =IF(K100="","FAIL - No Date",IF(TODAY()-DATEVALUE(K100)<=180,"PASS","FLAG - Stale >180d")) -> FLAG - Stale >180d | T100: =COUNTIF(M100:S100,"FAIL*")+COUNTIF(M100:S100,"FLAG*") -> 1 | U100: =IF(T100=0,"CLEAN",IF(T100=1,"MINOR",IF(T100<=3,"MODERATE","CRITICAL"))) -> MINOR | V100: =IF(U100="CLEAN","None",IF(U100="MINOR","Seller Notify",IF(U100="MODERATE","Listing Suspended","Immediate Removal"))) -> Seller Notify
...

Sheet Seller Scorecard
A1: SELLER DATA QUALITY SCORECARD Best Buy Marketplace
A2: Scores derived from Audit Engine | Scoring Model: 100pts base deductions per issue type | Threshold: 90 = Good, 75-89 = Needs Work, <75 = At Risk
A3: Seller_ID | B3: Seller_Name | C3: Total_Listings | D3: Clean_Listings | E3: Issues_Found | F3: Completeness_% | G3: Critical_Issues | H3: Score_/100 | I3: Health_Status | J3: Action
A4: S001 | B4: TechDirect LLC | C4: 124 | D4: 95 | E4: 29 | F4: 0.766 | G4: 5 | H4: 0.844 | I4: NEEDS WORK | J4: 30-Day Improvement Plan
A5: S002 | B5: EliteGadgets Inc | C5: 124 | D5: 103 | E5: 21 | F5: 0.831 | G5: 3 | H5: 0.889 | I5: NEEDS WORK | J5: 30-Day Improvement Plan
A6: S003 | B6: PrimeElectronics | C6: 127 | D6: 102 | E6: 25 | F6: 0.803 | G6: 6 | H6: 0.863 | I6: NEEDS WORK | J6: 30-Day Improvement Plan
A7: S004 | B7: ValueTech Store | C7: 131 | D7: 102 | E7: 29 | F7: 0.779 | G7: 5 | H7: 0.852 | I7: NEEDS WORK | J7: 30-Day Improvement Plan
A8: S005 | B8: ConnectPro Sales | C8: 126 | D8: 105 | E8: 21 | F8: 0.833 | G8: 4 | H8: 0.887 | I8: NEEDS WORK | J8: 30-Day Improvement Plan
A9: S006 | B9: NextGen Devices | C9: 141 | D9: 118 | E9: 23 | F9: 0.837 | G9: 4 | H9: 0.891 | I9: NEEDS WORK | J9: 30-Day Improvement Plan
A10: S007 | B10: SmartBuy Co | C10: 128 | D10: 94 | E10: 34 | F10: 0.734 | G10: 9 | H10: 0.812 | I10: NEEDS WORK | J10: 30-Day Improvement Plan
A11: S008 | B11: DigitalHub USA | C11: 139 | D11: 110 | E11: 29 | F11: 0.791 | G11: 6 | H11: 0.858 | I11: NEEDS WORK | J11: 30-Day Improvement Plan

Sheet Issue Dashboard
A1: MARKETPLACE DATA QUALITY DASHBOARD Issue Analysis & Trends
A3: Total SKUs | C3: Clean Records | E3: Records w/ Issues | G3: Critical Issues | I3: Data Health Score | K3: Avg Issues/Seller
A4: 1040 | C4: 829 | E4: 211 | G4: 42 | I4: 79.7% | K4: 26.4
A7: Issue Type Breakdown | G7: Category Health Summary
A8: Issue Type | B8: Count | C8: % of Total | D8: Severity | E8: Recommended Action | G8: Category | H8: Total | I8: Clean | J8: Issue % | K8: Health
A9: MISSING TITLE | B9: 11 | C9: 0.010576923 | D9: Critical | E9: Remove listing title mandatory per BB Standard Terms 3.2 | G9: Headphones | H9: 207 | I9: 157 | J9: 0.24154589 | K9: FAIR
A10: MISSING UPC | B10: 7 | C10: 0.0067307692 | D10: Critical | E10: Seller must provide GTIN/UPC per BBY PDM requirements | G10: Laptops | H10: 214 | I10: 168 | J10: 0.21495327 | K10: FAIR
A11: MISSING PRIMARY IMAGE URL | B11: 14 | C11: 0.013461538 | D11: Critical | E11: Images req. min 1000x1000px listing auto-suppressed | G11: Smart Home | H11: 193 | I11: 159 | J11: 0.1761658 | K11: FAIR
A12: MISSING BRAND | B12: 10 | C12: 0.0096153846 | D12: Critical | E12: Brand required; request via BB Seller Hub brand registry | G12: TVs | H12: 200 | I12: 160 | J12: 0.2 | K12: FAIR
A13: MISSING DESCRIPTION | B13: 10 | C13: 0.0096153846 | D13: High | E13: Description missing impacts search ranking & conversion | G13: Tablets | H13: 226 | I13: 185 | J13: 0.18141593 | K13: FAIR
A14: GTIN UPC MISMATCH | B14: 19 | C14: 0.018269231 | D14: High | E14: GTIN must = '0' + UPC (GS1 standard); triggers inventory error
A15: DUPLICATE SKU | B15: 40 | C15: 0.038461538 | D15: High | E15: Duplicate SKU across sellers violates exclusivity policy
A16: PRICE ANOMALY | B16: 27 | C16: 0.025961538 | D16: Medium | E16: Price >3x category ceiling likely data entry error
A17: CATEGORY MISMATCH | B17: 25 | C17: 0.024038462 | D17: Medium | E17: Wrong category reduces discoverability; affects commissions
A18: STALE LISTING | B18: 33 | C18: 0.031730769 | D18: Low | E18: Not updated >180 days; zero stock suppress or archive
A19: TITLE TOO LONG | B19: 15 | C19: 0.014423077 | D19: Low | E19: Exceeds 126-char BB limit truncated in search results

Sheet LAMBDA Functions
A1: LAMBDA CUSTOM FUNCTION LIBRARY Best Buy Marketplace DQ Audit
A2: These named LAMBDA functions are defined in Excel Name Manager (Formulas Name Manager). Once defined, call them like native Excel functions anywhere in the workbook. Requires Excel 365 / Excel 2021+.
A4: Function Name | B4: Formula (paste into Name Manager) | C4: Business Logic Description | D4: Usage Example
A5: CALC_DQ_SCORE | B5: '=lambda(total, issues, critical, MAX(0, 100 - (issues/total*60) - (critical/total*40))) | C5: Calculates a 0-100 data quality score per seller. Weights: 60pts for general issues, 40pts for critical missing-field issues. | D5: '=calc_dq_score(C4, E4, G4)
A6: CHECK_GTIN_UPC | B6: '=lambda(upc, gtin, IF(AND(upc<>"",gtin<>""), IF("0"&upc=gtin,"PASS","FAIL - Mismatch"), "SKIP")) | C6: Validates that GTIN = "0" + UPC per GS1 standard. Returns PASS, FAIL - Mismatch, or SKIP if either field is empty. | D6: '=check_gtin_upc(G4, H4)
A7: FLAG_STALE_LISTING | B7: '=lambda(last_updated_str, threshold_days, IF(last_updated_str="","FAIL - No Date", IF(TODAY()-DATEVALUE(last_updated_str)>threshold_days,"STALE","CURRENT"))) | C7: Flags listings not updated within threshold_days (default: 180). Connects to Best Buy PDM active listing policy. | D7: '=flag_stale_listing(K4, 180)
A8: TITLE_AUDIT | B8: '=lambda(title, IF(title="","FAIL - Missing", IF(LEN(title)>126,"FAIL - Exceeds 126 chars ("&LEN(title)&")", "PASS"))) | C8: Validates product title: checks presence and enforces Best Buy's 126-character limit per ChannelEngine marketplace spec. | D8: '=title_audit(I4)
A9: PRICE_FLAG | B9: '=lambda(price, cat_ceiling, IF(price<=0,"FAIL - Zero Price",IF(price>cat_ceiling*3,"FLAG - Anomaly ("&price&" > "&cat_ceiling*3&")","PASS"))) | C9: Flags prices that are zero or exceed 3x the category ceiling price. Category ceilings defined in Reference table. | D9: '=price_flag(J4, 2499)
A10: SEVERITY_LABEL | B10: '=lambda(issue_count, IF(issue_count=0," CLEAN",IF(issue_count=1," MINOR",IF(issue_count<=3," MODERATE"," CRITICAL")))) | C10: Maps total issue count to a 4-tier severity label. Used in Audit Engine col U and Seller Scorecard for RAG status. | D10: '=severity_label(T4)
A11: ACTION_REQUIRED | B11: '=lambda(severity, IF(severity=" CLEAN","None",IF(severity=" MINOR","Seller Notify",IF(severity=" MODERATE","Listing Suspended","Immediate Removal")))) | C11: Maps severity label to a recommended governance action aligned with Best Buy Marketplace Program Policies (Apr 2025). | D11: '=action_required(U4)
A12: COMPLETENESS_PCT | B12: '=lambda(present, total, IF(total=0,0,present/total)) | C12: Calculates completeness percentage. Use with cell number format 0.0% to display as percent. Safe against divide-by-zero. | D12: '=completeness_pct(D4, C4)
A14: HOW TO REGISTER THESE FUNCTIONS IN EXCEL:
A15: 1. Open Excel Formulas tab Name Manager New
A16: 2. Enter the Function Name (column A above) in the 'Name' field
A17: 3. Paste the Formula (column B above) into the 'Refers to' field
A18: 4. Click OK the function is now available workbook-wide, just like SUM() or VLOOKUP()
A19: 5. Call it in any cell using the name, e.g.: =CALC_DQ_SCORE(C4, E4, G4)
A20: Note: Requires Excel for Microsoft 365 or Excel 2021+. Not available in Excel 2019 or earlier.
